[
    {
	"teks": " *Silahkan Ambil Asupan Milfnya Desu..!!!* ",
	"image": "https://1.bp.blogspot.com/-A7CzCqQLKxQ/X8Dpg489fZI/AAAAAAAABBo/V6sm5YziG54b-YIjrraPKyF3XZWirwLwgCLcBGAsYHQ/s600/milf.market_103948975_610822546207587_4674924812890764174_n.jpg"
    },
     {
	"teks": " *Silahkan Ambil Asupan Milfnya Desu..!!!* ",
	"image": "https://1.bp.blogspot.com/-M19lMKwPLhg/X8Dpg1o_beI/AAAAAAAABBw/AK0ZN7khIi8ewZE2xWMjdsO6o2pWtc7gACLcBGAsYHQ/s600/milf.market_104070625_269849767411723_5527342535856555623_n.jpg"
    },
     {
	"teks": " *Silahkan Ambil Asupan Milfnya Desu..!!!* ",
	"image": "https://1.bp.blogspot.com/--2fv9tl5lOA/X8Dpg4HRcCI/AAAAAAAABBs/pH8O9yQok4c3V_S1ye1f5vkb1uZJWWe6QCLcBGAsYHQ/s600/milf.market_104128586_149165210051722_2607313577996887734_n.jpg"
    },
     {
	"teks": " *Silahkan Ambil Asupan Milfnya Desu..!!!* ",
	"image": "https://1.bp.blogspot.com/-YV3VQJrWd2E/X8Dph2rGGRI/AAAAAAAABB0/W2RW_rEtUlQusnki4myWZJE3kNj1QFq4wCLcBGAsYHQ/s600/milf.market_104150964_185837409632521_2713336947839123092_n.jpg"
    },
     {
	"teks": " *Silahkan Ambil Asupan Milfnya Desu..!!!* ",
	"image": "https://1.bp.blogspot.com/-ltUM-l6zmjk/X8DpiAAAEbI/AAAAAAAABB4/81fTqsbgIHM7MnYVFgsjjINltmTS2X8pQCLcBGAsYHQ/s600/milf.market_104167051_2122625474528765_900235915435518540_n.jpg"
    },
     {
	"teks": " *Silahkan Ambil Asupan Milfnya Desu..!!!* ",
	"image": "https://1.bp.blogspot.com/-aQ0h1LWcTq8/X8DpiFvqDOI/AAAAAAAABB8/9-APxSoty3AWxHzUhB5_jLKxpOpl2UXGgCLcBGAsYHQ/s600/milf.market_104215919_2962378950498017_3866506321398307565_n.jpg"
    },
     {
	"teks": " *Silahkan Ambil Asupan Milfnya Desu..!!!* ",
	"image": "https://1.bp.blogspot.com/-uSKaJ6lZxyU/X8Dpis4zXYI/AAAAAAAABCA/DQswNHv7YEIRJcHxeWcKqZkid43HIZClgCLcBGAsYHQ/s600/milf.market_104217442_551473375525058_8803393113234729598_n.jpg"
    },
     {
	"teks": " *Silahkan Ambil Asupan Milfnya Desu..!!!* ",
	"image": "https://1.bp.blogspot.com/-jQ9JVpSoiAE/X8Dpi6CZMeI/AAAAAAAABCE/5UO3T36c2PIUCo6pb0PvR9LmDuSNkVgfwCLcBGAsYHQ/s600/milf.market_104323415_712195089616651_7353743967361110129_n.jpg"
    },
     {
	"teks": " *Silahkan Ambil Asupan Milfnya Desu..!!!* ",
	"image": "https://1.bp.blogspot.com/-68pQKGwrrZU/X8Dpi9UTu9I/AAAAAAAABCI/zpKhh7b72j8Eai-o6t6elS2J1Qy3SIwNwCLcBGAsYHQ/s600/milf.market_104419712_504533993604323_1940213182496695401_n.jpg"
    },
     {
	"teks": " *Silahkan Ambil Asupan Milfnya Desu..!!!* ",
	"image": "https://1.bp.blogspot.com/-qzxT_9DNLO0/X8DpjdQicwI/AAAAAAAABCM/NdceaJLSe5kf84FAGdldbkf7nik0790vQCLcBGAsYHQ/s600/milf.market_104430625_217271989234485_4429179163961518913_n.jpg"
    },
     {
	"teks": " *Silahkan Ambil Asupan Milfnya Desu..!!!* ",
	"image": "https://1.bp.blogspot.com/-y8JI1HwzfYg/X8Dpj8m85VI/AAAAAAAABCQ/qy5TW8Eqne8n2p2omL_U5T7r7LIaeZ-2QCLcBGAsYHQ/s600/milf.market_104435862_591735141753268_5666844484812031155_n.jpg"
    },
    {
	"teks": " *Silahkan Ambil Asupan Milfnya Desu..!!!* ",
	"image": "https://1.bp.blogspot.com/-QIcse1bwrd4/X8Dpj6BxWLI/AAAAAAAABCU/bCD1yGUPrMYlC2toHn7fY6gk1bxlsxgcACLcBGAsYHQ/s600/milf.market_104653236_630610877538469_4485493451191365735_n.jpg"
    },
     {
	"teks": " *Silahkan Ambil Asupan Milfnya Desu..!!!* ",
	"image": "https://1.bp.blogspot.com/-koge4ePdNEQ/X8DpkAQXdBI/AAAAAAAABCY/__8EFeOCr6E0pu6MRw1MYX-Es6Yw02gmQCLcBGAsYHQ/s600/milf.market_104817665_269962784421076_9196596534348903953_n.jpg"
    },
     {
	"teks": " *Silahkan Ambil Asupan Milfnya Desu..!!!* ",
	"image": "https://1.bp.blogspot.com/--8rmA1eeEfY/X8Dpkm6h6qI/AAAAAAAABCc/aRkfs3o_sQUzYp3Fgs_WG2P8LY3B5npZQCLcBGAsYHQ/s600/milf.market_105933020_730201770857608_4142351699662728467_n.jpg"
    },
     {
	"teks": " *Silahkan Ambil Asupan Milfnya Desu..!!!* ",
	"image": "https://1.bp.blogspot.com/-3_uZPiNauGA/X8DpkuqzVHI/AAAAAAAABCg/QZ12DVVJazQBDXV5Uk9k8uONAGE8skcvACLcBGAsYHQ/s600/milf.market_105941709_6492524614204236_7751787434447325159_n.jpg"
    },
     {
	"teks": " *Silahkan Ambil Asupan Milfnya Desu..!!!* ",
	"image": "https://1.bp.blogspot.com/-3pkBQZG6gtE/X8Dpk30AFjI/AAAAAAAABCk/W81OwsfdySMvM-ZZ2n1b8gtSw5TGccUhACLcBGAsYHQ/s600/milf.market_106044520_119849906170487_3448243257175744685_n.jpg"
    },
     {
	"teks": " *Silahkan Ambil Asupan Milfnya Desu..!!!* ",
	"image": "https://1.bp.blogspot.com/-5QzzBSp2BLM/X8DplRIhC4I/AAAAAAAABCs/VEVJHTMNexIBftJvGUeu6fUrxADtxH_JgCLcBGAsYHQ/s600/milf.market_106208199_328877374793097_2759607752921337407_n.jpg"
    },
     {
	"teks": " *Silahkan Ambil Asupan Milfnya Desu..!!!* ",
	"image": "https://1.bp.blogspot.com/-DJvzDlMpN_I/X8DplmzoIuI/AAAAAAAABCw/EIZHw1rT0rseK3mFKbYPr3h8jmjaxM_AgCLcBGAsYHQ/s600/milf.market_106258585_283106619713593_8237055061325921477_n.jpg"
    },
     {
	"teks": " *Silahkan Ambil Asupan Milfnya Desu..!!!* ",
	"image": "https://1.bp.blogspot.com/-ZUGIvW-CPcc/X8DpmOztpXI/AAAAAAAABC0/ncfKYAa_h3UJ_1R0lECbk4q-p4_g3y_iwCLcBGAsYHQ/s600/milf.market_106298401_2912018412257030_5186437699749885502_n.jpg"
    },
     {
	"teks": " *Silahkan Ambil Asupan Milfnya Desu..!!!* ",
	"image": "https://1.bp.blogspot.com/-eC5OcaqQ2ZU/X8DpmWs4QuI/AAAAAAAABC4/lG7F7r78mB87R33Bq8_GsTeSG6xGVBLkwCLcBGAsYHQ/s600/milf.market_106400625_305207374184736_4639321333465568850_n.jpg"
    },
     {
	"teks": " *Silahkan Ambil Asupan Milfnya Desu..!!!* ",
	"image": "https://1.bp.blogspot.com/-lqCdar1TFM4/X8DpmRZ00XI/AAAAAAAABC8/X4nmzLzT7uQNE9s5MEfcGeURm5DZU1MCgCLcBGAsYHQ/s600/milf.market_106557499_844531092739883_1418018715834811880_n.jpg"
    },
     {
	"teks": " *Silahkan Ambil Asupan Milfnya Desu..!!!* ",
	"image": "https://1.bp.blogspot.com/-g4xPIeSBXTw/X8Dpm7PnA2I/AAAAAAAABDA/knI7-_Es2egbcWj5-n5Zaqs3hUCN1fX3ACLcBGAsYHQ/s600/milf.market_106734086_282310899544590_2303695459431022549_n.jpg"
    },
    {
	"teks": " *Silahkan Ambil Asupan Milfnya Desu..!!!* ",
	"image": "https://1.bp.blogspot.com/-pdC20_-20DI/X8DpnFw95_I/AAAAAAAABDE/q_oF05gReRIqQvAUi67TBR23A5o4QQA_wCLcBGAsYHQ/s600/milf.market_107042434_305074844232893_6261894718263974221_n.jpg"
    },
     {
	"teks": " *Silahkan Ambil Asupan Milfnya Desu..!!!* ",
	"image": "https://1.bp.blogspot.com/-rc-esFmoZRI/X8DpnTbgiFI/AAAAAAAABDI/yIlfGP6fkRIVamBiQdG5NJ6x7jbZmq3rwCLcBGAsYHQ/s600/milf.market_107086355_290215455627046_5074000745755772751_n.jpg"
    },
     {
	"teks": " *Silahkan Ambil Asupan Milfnya Desu..!!!* ",
	"image": "https://1.bp.blogspot.com/-rjN9HQXFrx8/X8DpnRfSw2I/AAAAAAAABDM/czlsHxoCYV4H9INunfW47OkOkoBIFeaxACLcBGAsYHQ/s600/milf.market_107179159_593570924916085_7543765992422073191_n.jpg"
    },
     {
	"teks": " *Silahkan Ambil Asupan Milfnya Desu..!!!* ",
	"image": "https://1.bp.blogspot.com/-dikXCyO_5SE/X8Dpn3bQXRI/AAAAAAAABDY/5ZVnWc_TdR8HPAZe24DUgPojiCom3wxKgCLcBGAsYHQ/s600/milf.market_107406109_147048126975607_1456011979017679818_n.jpg"
    },
     {
	"teks": " *Silahkan Ambil Asupan Milfnya Desu..!!!* ",
	"image": "https://1.bp.blogspot.com/-TQspDvs2lnk/X8Dpn_1VH4I/AAAAAAAABDQ/U_lUfCjMaxk0n1k3FbzGcsb325cFIT_ZACLcBGAsYHQ/s600/milf.market_107501471_1806567682816817_3351295094570613385_n.jpg"
    },
     {
	"teks": " *Silahkan Ambil Asupan Milfnya Desu..!!!* ",
	"image": "https://1.bp.blogspot.com/-S_j5xOvxwZE/X8DpoNv72OI/AAAAAAAABDU/zO0vykXJFNYePRdj9RLuTr0h8qLP29gkQCLcBGAsYHQ/s600/milf.market_107529119_277923049952480_5955243224759135054_n.jpg"
    },
     {
	"teks": " *Silahkan Ambil Asupan Milfnya Desu..!!!* ",
	"image": "https://1.bp.blogspot.com/-e6JVjhAK2dQ/X8DposX1jkI/AAAAAAAABDc/ka6IwGvpZI0IKrbQbTjjHupF1xdOwKeIACLcBGAsYHQ/s600/milf.market_107834018_789356318474512_3390682563021244041_n.jpg"
    },
     {
	"teks": " *Silahkan Ambil Asupan Milfnya Desu..!!!* ",
	"image": "https://1.bp.blogspot.com/-X3ieq13YAlw/X8DpozDFglI/AAAAAAAABDg/T_I0DC2Kb6IQ9noY8ya3j4EM2jxfGxkOwCLcBGAsYHQ/s600/milf.market_108758085_172310211083371_2670592844725611944_n.jpg"
    },
     {
	"teks": " *Silahkan Ambil Asupan Milfnya Desu..!!!* ",
	"image": "https://1.bp.blogspot.com/-sajQT53eRLA/X8DppGBgL5I/AAAAAAAABDk/z0FBoxQVFzcdLrLyyGKJHDkYwP3bBuPDQCLcBGAsYHQ/s600/milf.market_109189973_121671272951924_3925589235499936389_n.jpg"
    },
     {
	"teks": " *Silahkan Ambil Asupan Milfnya Desu..!!!* ",
	"image": "https://1.bp.blogspot.com/-OOQ2NaehZoE/X8DppfMTBRI/AAAAAAAABDo/Puu-VZqCKhgii20HnUS4siKwo763vTWyACLcBGAsYHQ/s600/milf.market_109530515_323706139016711_2010932574360776215_n.jpg"
    },
     {
	"teks": " *Silahkan Ambil Asupan Milfnya Desu..!!!* ",
	"image": "https://1.bp.blogspot.com/-T0w6HFRfPnw/X8Dppi8D8yI/AAAAAAAABDs/iQ5pPR_ju_QGBs2Ee0M2L4hM0pmKdevsgCLcBGAsYHQ/s600/milf.market_115217698_3428211567240850_5469232360883853997_n.jpg"
    },
    {
	"teks": " *Silahkan Ambil Asupan Milfnya Desu..!!!* ",
	"image": "https://1.bp.blogspot.com/-o5AfCrgq05I/X8Dpp59jIlI/AAAAAAAABDw/WCdnCQEkfFkhu3KJmdNnxcXnTHZEjDnggCLcBGAsYHQ/s600/milf.market_115516747_737917240291820_4735686710648045856_n.jpg"
    },
     {
	"teks": " *Silahkan Ambil Asupan Milfnya Desu..!!!* ",
	"image": "https://1.bp.blogspot.com/-H-7xbNHU3K4/X8DpqE75i2I/AAAAAAAABD0/1_ymbtgg0w4F72mIBWk9PA2Ds8T_jISGwCLcBGAsYHQ/s600/milf.market_115992767_595294851393627_5203896458816201729_n.jpg"
    },
     {
	"teks": " *Silahkan Ambil Asupan Milfnya Desu..!!!* ",
	"image": "https://1.bp.blogspot.com/-h3rMGMtFB0w/X8DpqYXe-GI/AAAAAAAABD4/cI33OcXmrUUzgIh-rnfgS9Dy2fn-G541QCLcBGAsYHQ/s600/milf.market_116007722_1008818656226350_7402442498323971398_n.jpg"
    },
     {
	"teks": " *Silahkan Ambil Asupan Milfnya Desu..!!!* ",
	"image": "https://1.bp.blogspot.com/-X1OSuDt5tQ0/X8Dpqazn8aI/AAAAAAAABD8/llpEhUkDm1g5yFMhC3Jv__6VMtndfmPTACLcBGAsYHQ/s600/milf.market_116019025_286026135997307_4018927029303388583_n.jpg"
    },
     {
	"teks": " *Silahkan Ambil Asupan Milfnya Desu..!!!* ",
	"image": "https://1.bp.blogspot.com/-qRXqDo-DEwc/X8Dpq4T4a5I/AAAAAAAABEA/WUOX_fQRmlQ5pjQAy3uiG_URKgQhRpTfACLcBGAsYHQ/s600/milf.market_116132205_314668979912935_983699988004717679_n.jpg"
    },
     {
	"teks": " *Silahkan Ambil Asupan Milfnya Desu..!!!* ",
	"image": "https://1.bp.blogspot.com/-zTJj3m7BLsc/X8DprCI3SaI/AAAAAAAABEE/R5ZW3wW1FjcpFLGIn8-5B-nU1LTF0p3JACLcBGAsYHQ/s600/milf.market_116133865_929965957466117_4291895873486802_n.jpg"
    },
     {
	"teks": " *Silahkan Ambil Asupan Milfnya Desu..!!!* ",
	"image": "https://1.bp.blogspot.com/-0GroqtizYUA/X8DprVPgsnI/AAAAAAAABEI/mj64nQqiKswA_XGfN4zeWJ2xmEZKQq0egCLcBGAsYHQ/s600/milf.market_116225470_579636422714062_1624655462734987731_n.jpg"
    },
     {
	"teks": " *Silahkan Ambil Asupan Milfnya Desu..!!!* ",
	"image": "https://1.bp.blogspot.com/-64wvwfmQxRQ/X8Dprml5lYI/AAAAAAAABEM/qIagfu42l4kFE2WxNW3Rlx-U7Qh1yK2yACLcBGAsYHQ/s600/milf.market_116423532_318923229474486_4350640308987503539_n.jpg"
    },
     {
	"teks": " *Silahkan Ambil Asupan Milfnya Desu..!!!* ",
	"image": "https://1.bp.blogspot.com/-ifD_HDbB0zg/X8Dpr_-nbeI/AAAAAAAABEQ/BcCWYolIu5IR0zDFubHKy9Qmf_20IuBrgCLcBGAsYHQ/s600/milf.market_116442128_324929475330460_4141732027190445558_n.jpg"
    },
     {
	"teks": " *Silahkan Ambil Asupan Milfnya Desu..!!!* ",
	"image": "https://1.bp.blogspot.com/-7qJWx2xpUZQ/X8DpsJbE1bI/AAAAAAAABEU/5mKf3yzp3EQ0SzFrWHi1RzLp-B8tGxcmwCLcBGAsYHQ/s600/milf.market_116693789_110304064110138_377896310540892749_n.jpg"
    },
     {
	"teks": " *Silahkan Ambil Asupan Milfnya Desu..!!!* ",
	"image": "https://1.bp.blogspot.com/-cekZgf90qxs/X8DpsaRIX1I/AAAAAAAABEY/Aulnpo9_qJoGPKbK25c9kCspAEho8ca2QCLcBGAsYHQ/s600/milf.market_116713279_1655120677986665_712108779748253404_n.jpg"
    },
    {
	"teks": " *Silahkan Ambil Asupan Milfnya Desu..!!!* ",
	"image": "https://1.bp.blogspot.com/-xkMvfU7PB-g/X8Dpsk5lQYI/AAAAAAAABEc/PdSR8lc3mD4cyYQpTROKq-Zcp5G_5SOZgCLcBGAsYHQ/s600/milf.market_116744278_300096231415663_6500675538433554267_n.jpg"
    },
     {
	"teks": " *Silahkan Ambil Asupan Milfnya Desu..!!!* ",
	"image": "https://1.bp.blogspot.com/-w814ZHgztM0/X8Dps7hdZxI/AAAAAAAABEg/7q7TqwiSTxQRDlxMgyHQGM1wEkDARPwEwCLcBGAsYHQ/s600/milf.market_116910516_1166576833711563_8888438930792950665_n.jpg"
    },
     {
	"teks": " *Silahkan Ambil Asupan Milfnya Desu..!!!* ",
	"image": "https://1.bp.blogspot.com/-LwgL-YTdUo8/X8DptDqFSoI/AAAAAAAABEk/eSwx55pOeyw5VAp8le7j3kMvEV0NKEO7gCLcBGAsYHQ/s600/milf.market_117090316_339709777417401_145480315341542732_n.jpg"
    },
     {
	"teks": " *Silahkan Ambil Asupan Milfnya Desu..!!!* ",
	"image": "https://1.bp.blogspot.com/-lns6MQGJRas/X8DpteDtFkI/AAAAAAAABEo/YbPhNmb99lsxbjZje0fBeYrKXpoxzNJVwCLcBGAsYHQ/s600/milf.market_117130417_299199811393821_418392733962066402_n.jpg"
    },
     {
	"teks": " *Silahkan Ambil Asupan Milfnya Desu..!!!* ",
	"image": "https://1.bp.blogspot.com/-Uk5DU0KVnvE/X8DptsbcVPI/AAAAAAAABEs/Je_f_X6Fli8f20TFvYb1tyqHUJ8GyOJtgCLcBGAsYHQ/s600/milf.market_117142839_426958728198677_9164780354077998886_n.jpg"
    },
     {
	"teks": " *Silahkan Ambil Asupan Milfnya Desu..!!!* ",
	"image": "https://1.bp.blogspot.com/-6mbtlgTecHM/X8Dpt_nXF_I/AAAAAAAABEw/VqVrkokjmXUgDYDHHxFlTEwPeCob95XkQCLcBGAsYHQ/s600/milf.market_117177014_627873411172739_2995202828708954610_n.jpg"
    },
     {
	"teks": " *Silahkan Ambil Asupan Milfnya Desu..!!!* ",
	"image": "https://1.bp.blogspot.com/-T0PbDb4xIb8/X8DpuPsrlvI/AAAAAAAABE0/lypQLOlCCUYC0FLBzD8dl5hdQtUZTsKRACLcBGAsYHQ/s600/milf.market_117308949_334029461102591_6711882553028306299_n.jpg"
    },
     {
	"teks": " *Silahkan Ambil Asupan Milfnya Desu..!!!* ",
	"image": "https://1.bp.blogspot.com/-zK45WDFsBCg/X8Dpu724RcI/AAAAAAAABE8/TlK2IaMgB-oxmMWZhgSf-ATqt8mXBUuAACLcBGAsYHQ/s600/milf.market_117375351_323183795499281_4061869403593606889_n.jpg"
    },
     {
	"teks": " *Silahkan Ambil Asupan Milfnya Desu..!!!* ",
	"image": "https://1.bp.blogspot.com/-TesmMX5KPUo/X8Dpu7Sza7I/AAAAAAAABFA/K6P1BtgCimspjwNE1RJe3MN7pdM7mqFrgCLcBGAsYHQ/s600/milf.market_117386993_112349390453199_8577849612971030234_n.jpg"
    },
     {
	"teks": " *Silahkan Ambil Asupan Milfnya Desu..!!!* ",
	"image": "https://1.bp.blogspot.com/-sCTpwIAZujI/X8DpvI4kn5I/AAAAAAAABFE/bLoT0ub5bWklOPfUIH7QknY_5T9wXHuDACLcBGAsYHQ/s600/milf.market_117391326_757470798343882_3265524055350163868_n.jpg"
    },
     {
	"teks": " *Silahkan Ambil Asupan Milfnya Desu..!!!* ",
	"image": "https://1.bp.blogspot.com/-zvkjRDSCldM/X8DpvspkVsI/AAAAAAAABFM/VCCzdgy6JscYNRjtPwmqbympPmbGJYr_QCLcBGAsYHQ/s600/milf.market_117420061_186655752857235_4425797108172764399_n.jpg"
    },
    {
	"teks": " *Silahkan Ambil Asupan Milfnya Desu..!!!* ",
	"image": "https://1.bp.blogspot.com/-eTan5PzgwIM/X8DpvacD6CI/AAAAAAAABFI/SYoPGTaIIWMEBSzqgTwZpa5WQS2g0wQBACLcBGAsYHQ/s600/milf.market_117598237_241569636919763_5568110021471896622_n.jpg"
    },
     {
	"teks": " *Silahkan Ambil Asupan Milfnya Desu..!!!* ",
	"image": "https://1.bp.blogspot.com/-2OUg02OdSxI/X8Dpv88V3XI/AAAAAAAABFQ/B_oUed8_kXsgxveStZmf5X2dxR-6fmrSQCLcBGAsYHQ/s600/milf.market_117613796_160625772311390_1873641789149141475_n.jpg"
    },
     {
	"teks": " *Silahkan Ambil Asupan Milfnya Desu..!!!* ",
	"image": "https://1.bp.blogspot.com/-FlJ1i34JXds/X8DpwIBVd_I/AAAAAAAABFU/_0ix5BNxyPMAtDIesbQK9kKg_UkiHgY-wCLcBGAsYHQ/s600/milf.market_117847040_720991112072781_1357192401359691625_n.jpg"
    },
     {
	"teks": " *Silahkan Ambil Asupan Milfnya Desu..!!!* ",
	"image": "https://1.bp.blogspot.com/-CzF8IpM_XVU/X8DpwTShZUI/AAAAAAAABFY/Ow2DNs5wfqEijSE_EnVLsR4FNDd6oQk8wCLcBGAsYHQ/s600/milf.market_117889168_684611638802875_3018218372296967880_n.jpg"
    },
     {
	"teks": " *Silahkan Ambil Asupan Milfnya Desu..!!!* ",
	"image": "https://1.bp.blogspot.com/-0VO4nvDV2TU/X8DpwRgICtI/AAAAAAAABFc/PS-w0rj2kKsqmhgp55JpFJK4-z6l7bTGACLcBGAsYHQ/s600/milf.market_117981165_1039502539802473_803257761564580352_n.jpg"
    },
     {
	"teks": " *Silahkan Ambil Asupan Milfnya Desu..!!!* ",
	"image": "https://1.bp.blogspot.com/-bcNM0Hb9xHA/X8DpwwE2zWI/AAAAAAAABFg/iVQLxZAydYg2qGvwLFiYB_x9AsO-ienBACLcBGAsYHQ/s600/milf.market_117985216_607401576644261_5659077780847015203_n.jpg"
    },
     {
	"teks": " *Silahkan Ambil Asupan Milfnya Desu..!!!* ",
	"image": "https://1.bp.blogspot.com/-kec1geS9RZk/X8Dpw-8RM9I/AAAAAAAABFk/-55_OoIHJ8gGKgkuxcmAaemx7NmzWSaQQCLcBGAsYHQ/s600/milf.market_118144527_539360086784984_8854334762294875882_n.jpg"
    },
     {
	"teks": " *Silahkan Ambil Asupan Milfnya Desu..!!!* ",
	"image": "https://1.bp.blogspot.com/-u6BJLkHeHmg/X8DpxUOBZ3I/AAAAAAAABFs/YLH81xcoaNYGPyr1GO-c8SnFgoTObIKEACLcBGAsYHQ/s600/milf.market_118248373_758995451564980_8318926144860476511_n.jpg"
    },
     {
	"teks": " *Silahkan Ambil Asupan Milfnya Desu..!!!* ",
	"image": "https://1.bp.blogspot.com/--9K8otu7ixE/X8Dpxv3KDzI/AAAAAAAABFw/cYuDynUe61UO4T3TygYgBlJdlGAcluq4gCLcBGAsYHQ/s600/milf.market_118289230_117771393190816_7475306811522994577_n.jpg"
    },
     {
	"teks": " *Silahkan Ambil Asupan Milfnya Desu..!!!* ",
	"image": "https://1.bp.blogspot.com/-IqJjqsvCL_g/X8DpxzC7SdI/AAAAAAAABF0/A2WldRli_iUnq6J3rQpBmrKQbf9aEEWXACLcBGAsYHQ/s600/milf.market_118395761_1718553208299690_7832031484291323311_n.jpg"
    },
     {
	"teks": " *Silahkan Ambil Asupan Milfnya Desu..!!!* ",
	"image": "https://1.bp.blogspot.com/-GtrEj5uUZ3o/X8DpyBnGGRI/AAAAAAAABF4/x8kJVZiFT2gm_T2q0fsoGjuU5chdiUYmgCLcBGAsYHQ/s600/milf.market_118554007_144694247304338_3947569986196558142_n.jpg"
    },
    {
	"teks": " *Silahkan Ambil Asupan Milfnya Desu..!!!* ",
	"image": "https://1.bp.blogspot.com/-ytJlBo8Z63c/X8DpybYo0EI/AAAAAAAABF8/GITaPP6OCPs_5TZzMKbU2gZToQXjfAv9wCLcBGAsYHQ/s600/milf.market_118597564_315873966291873_4293110751095744702_n.jpg"
    },
     {
	"teks": " *Silahkan Ambil Asupan Milfnya Desu..!!!* ",
	"image": "https://1.bp.blogspot.com/-97Aar7mkAW0/X8DpyoNRXyI/AAAAAAAABGA/E7im1LbiLDs36JCVxH5M7yXQIOafKNrmwCLcBGAsYHQ/s600/milf.market_118602539_792793964790129_2482955590912941742_n.jpg"
    },
     {
	"teks": " *Silahkan Ambil Asupan Milfnya Desu..!!!* ",
	"image": "https://1.bp.blogspot.com/-5c0aohcDBqY/X8Dpy_6zmVI/AAAAAAAABGE/qpk3eZvJRPYxvaRXsTZwdUWAMOeM-C_IQCLcBGAsYHQ/s600/milf.market_118664866_1215987505423698_7496815921521126756_n.jpg"
    },
     {
	"teks": " *Silahkan Ambil Asupan Milfnya Desu..!!!* ",
	"image": "https://1.bp.blogspot.com/-lienF3y-284/X8DpzQARqaI/AAAAAAAABGM/XqKGS9DzBTIStB9MlOdcikzypGoUOOfDwCLcBGAsYHQ/s600/milf.market_118681131_876151439897391_2200889579731179605_n.jpg"
    },
     {
	"teks": " *Silahkan Ambil Asupan Milfnya Desu..!!!* ",
	"image": "https://1.bp.blogspot.com/-MVCw5GIahJ4/X8DpzLx0xvI/AAAAAAAABGI/0aFVATqglpkS2b_uYTJ7NPKmBNpLkvydACLcBGAsYHQ/s600/milf.market_118671142_328598794953378_4551098383554264485_n.jpg"
    },
     {
	"teks": " *Silahkan Ambil Asupan Milfnya Desu..!!!* ",
	"image": "https://1.bp.blogspot.com/-sLPvFaVqgLQ/X8DpzlPBWBI/AAAAAAAABGQ/IFaqkPB_5PYjqT3aeG_ChfAAMOX8mXNdgCLcBGAsYHQ/s600/milf.market_118765835_238219367534972_1625887941166700339_n.jpg"
    },
     {
	"teks": " *Silahkan Ambil Asupan Milfnya Desu..!!!* ",
	"image": "https://1.bp.blogspot.com/-GXGAA60edGE/X8Dpz1_wifI/AAAAAAAABGU/9zLUqA05bQwD7-fFKMDqMN7x-IZBIr4GQCLcBGAsYHQ/s600/milf.market_118859162_358808958650011_6746875391319531275_n.jpg"
    },
     {
	"teks": " *Silahkan Ambil Asupan Milfnya Desu..!!!* ",
	"image": "https://1.bp.blogspot.com/-sDvJmZET4qI/X8Dp0JSbPuI/AAAAAAAABGY/3oYN2jGkpE4KMa5j1PpBY2XIK7DeQZxEACLcBGAsYHQ/s600/milf.market_118888761_557705228271100_2311869544418731295_n.jpg"
    },
     {
	"teks": " *Silahkan Ambil Asupan Milfnya Desu..!!!* ",
	"image": "https://1.bp.blogspot.com/-x6bQ59tsAb8/X8Dp0b5XLXI/AAAAAAAABGc/4JBHesAB74AuAM6Rr_iltWQCxdQPhLrxgCLcBGAsYHQ/s600/milf.market_118999234_628636814754071_8253368142834658608_n.jpg"
    },
     {
	"teks": " *Silahkan Ambil Asupan Milfnya Desu..!!!* ",
	"image": "https://1.bp.blogspot.com/-Ah6JvfQfAdk/X8Dp0oWJP5I/AAAAAAAABGg/48GmvxaorrsybH8osBS32nu1P8LhlbSdACLcBGAsYHQ/s600/milf.market_119127581_2902071143354688_921242040265519288_n.jpg"
    },
     {
	"teks": " *Silahkan Ambil Asupan Milfnya Desu..!!!* ",
	"image": "https://1.bp.blogspot.com/-qUsNntQmW-g/X8Dp079sxYI/AAAAAAAABGk/GXDG71MjhBoGOB0QnWv0S6gbT0X-LS8VwCLcBGAsYHQ/s600/milf.market_119159647_120670016435851_5081231065464843911_n.jpg"
    },
    {
	"teks": " *Silahkan Ambil Asupan Milfnya Desu..!!!* ",
	"image": "https://1.bp.blogspot.com/-kg_cZyPGILY/X8Dp1NcxzgI/AAAAAAAABGo/Y1mBHBRM67MHRr0CUTCR01-l52jhrtdDQCLcBGAsYHQ/s600/milf.market_119203354_121716866325037_3231112376454901853_n.jpg"
    },
     {
	"teks": " *Silahkan Ambil Asupan Milfnya Desu..!!!* ",
	"image": "https://1.bp.blogspot.com/-81vzZwVEo_g/X8Dp1X7xUmI/AAAAAAAABGs/FYpR7ox-hYkjHuQKsZTUIX0_x4BImWlsACLcBGAsYHQ/s600/milf.market_119420708_2811806425708189_4033472127886293280_n.jpg"
    },
     {
	"teks": " *Silahkan Ambil Asupan Milfnya Desu..!!!* ",
	"image": "https://1.bp.blogspot.com/-38LodD2za-E/X8Dp1voMA9I/AAAAAAAABGw/U_veNCM1ASU8t4YjrGmcDqcvlYR2MQ7owCLcBGAsYHQ/s600/milf.market_119460862_380902929573371_7131708204245687786_n.jpg"
    },
     {
	"teks": " *Silahkan Ambil Asupan Milfnya Desu..!!!* ",
	"image": "https://1.bp.blogspot.com/-ledzKnld7Zc/X8Dp1jC1saI/AAAAAAAABG0/t1cx4v6V1sgDVymVcut5Vzd71oV2aVJXQCLcBGAsYHQ/s600/milf.market_119486902_2700732163519318_6256548591034664698_n.jpg"
    },
     {
	"teks": " *Silahkan Ambil Asupan Milfnya Desu..!!!* ",
	"image": "https://1.bp.blogspot.com/-bAJqtFJAy1k/X8Dp2GWXHkI/AAAAAAAABG4/bbBR0RbGwUEP0_-L5Pbi2rGxpTBu3euAwCLcBGAsYHQ/s600/milf.market_119566770_324126932150939_1809467417344540117_n.jpg"
    },
     {
	"teks": " *Silahkan Ambil Asupan Milfnya Desu..!!!* ",
	"image": "https://1.bp.blogspot.com/-p1-p4KBIcvM/X8Dp2fxgenI/AAAAAAAABHA/mM7XXf9a1_wcJvb7F0A0PZ9KiRL5iI7AACLcBGAsYHQ/s600/milf.market_119638995_149011096890708_9134960462041764970_n.jpg"
    },
     {
	"teks": " *Silahkan Ambil Asupan Milfnya Desu..!!!* ",
	"image": "https://1.bp.blogspot.com/-J9aOiZyWD1w/X8Dp2aaiUXI/AAAAAAAABG8/igNVDUXEnD0UtbTZIeCgG_ATG3kqOe-LACLcBGAsYHQ/s600/milf.market_119709656_1677586719067254_8837522498387464489_n.jpg"
    },
     {
	"teks": " *Silahkan Ambil Asupan Milfnya Desu..!!!* ",
	"image": "https://1.bp.blogspot.com/-8YbA7U6crQs/X8Dp280zjnI/AAAAAAAABHE/UPkawIGnftALCoEQL2752t0umLuAGlZuwCLcBGAsYHQ/s600/milf.market_119796267_1092629301134886_1413176531516235395_n.jpg"
    },
     {
	"teks": " *Silahkan Ambil Asupan Milfnya Desu..!!!* ",
	"image": "https://1.bp.blogspot.com/-m31crtxTZic/X8Dp3IGpIiI/AAAAAAAABHI/WleiezzGSlMQFwoLsdqgqbSB-nd7i6A_ACLcBGAsYHQ/s600/milf.market_119816357_659018508343021_7061044546064818943_n.jpg"
    },
     {
	"teks": " *Silahkan Ambil Asupan Milfnya Desu..!!!* ",
	"image": "https://1.bp.blogspot.com/-BwmN14-LSW8/X8Dp3KJsN2I/AAAAAAAABHM/hYqxc94Ce_gvcAKzjl7s6c3MaynGkAc_wCLcBGAsYHQ/s600/milf.market_119965295_182484106659850_5258169531954870463_n.jpg"
    },
     {
	"teks": " *Silahkan Ambil Asupan Milfnya Desu..!!!* ",
	"image": "https://1.bp.blogspot.com/-Ke27Y3UUTaQ/X8Dp3fSpggI/AAAAAAAABHQ/GP1P-Q4-J8MAw1sJkE0c4gk7uJfuDHe8gCLcBGAsYHQ/s600/milf.market_120003081_334118441182068_8305459545382883241_n.jpg"
    },
    {
	"teks": " *Silahkan Ambil Asupan Milfnya Desu..!!!* ",
	"image": "https://1.bp.blogspot.com/-hjQRtSLOmS8/X8Dp34w5xHI/AAAAAAAABHU/-V9sAGLSUgYqo2fsxaozm-X-HL6fhvrqwCLcBGAsYHQ/s600/milf.market_120136533_124961065742409_6291972234407113173_n.jpg"
    },
     {
	"teks": " *Silahkan Ambil Asupan Milfnya Desu..!!!* ",
	"image": "https://1.bp.blogspot.com/-X7XWxTrkSBQ/X8Dp39uO1-I/AAAAAAAABHY/ofODTMeKNMoNQocixjg-2E7Uj-uw-19wwCLcBGAsYHQ/s600/milf.market_120196327_965654920607335_3977370235365767409_n.jpg"
    },
     {
	"teks": " *Silahkan Ambil Asupan Milfnya Desu..!!!* ",
	"image": "https://1.bp.blogspot.com/-tB5A5cEFqgw/X8Dp4K4OGlI/AAAAAAAABHc/QmNebwe4suAdb9s8MFu4OqTsQCgAQUGQgCLcBGAsYHQ/s600/milf.market_120202654_3285762211506270_5929252534841516158_n.jpg"
    },
     {
	"teks": " *Silahkan Ambil Asupan Milfnya Desu..!!!* ",
	"image": "https://1.bp.blogspot.com/-9HcJcavAij4/X8Dp4ogzt0I/AAAAAAAABHg/nyXscO3_BR8UvNnWFAJc-PJxKpS-0QzlgCLcBGAsYHQ/s600/milf.market_120314124_3250497001724934_2551257780253500639_n.jpg"
    },
     {
	"teks": " *Silahkan Ambil Asupan Milfnya Desu..!!!* ",
	"image": "https://1.bp.blogspot.com/-y_Yeyo-FLM0/X8Dp4pBwbfI/AAAAAAAABHk/jRvpbZ065vU67krYzyiMBaNfDVWFAGvkgCLcBGAsYHQ/s600/milf.market_120314305_710245756229817_4154500560368143566_n.jpg"
    },
     {
	"teks": " *Silahkan Ambil Asupan Milfnya Desu..!!!* ",
	"image": "https://1.bp.blogspot.com/-0BKhnCvEXfY/X8Dp45xF27I/AAAAAAAABHo/b6QQUMrgLgUCrXPjb3buJwaWVhmiOM9jwCLcBGAsYHQ/s600/milf.market_120412248_2777950235775694_2486959585306134652_n.jpg"
    },
     {
	"teks": " *Silahkan Ambil Asupan Milfnya Desu..!!!* ",
	"image": "https://1.bp.blogspot.com/-X-Ssj0qmMgM/X8Dp5WKWvaI/AAAAAAAABHs/Nlnloc6SEIsjJBHDCzIWhAj9UAxI97XQACLcBGAsYHQ/s600/milf.market_120543119_3206459082783388_9010725385337912_n.jpg"
    },
     {
	"teks": " *Silahkan Ambil Asupan Milfnya Desu..!!!* ",
	"image": "https://1.bp.blogspot.com/-CSuVKWlLUmc/X8Dp5hlGDUI/AAAAAAAABH0/xt88owzgvj4NJwPVXUM0RgCkh3TzwcXtwCLcBGAsYHQ/s600/milf.market_120656287_335924354286559_4667555104439334764_n.jpg"
    },
     {
	"teks": " *Silahkan Ambil Asupan Milfnya Desu..!!!* ",
	"image": "https://1.bp.blogspot.com/-PJoZR-Ug-MI/X8Dp6ET5uRI/AAAAAAAABH4/traQXh70o-YjnY2LBqPrtBav8MrR2mfkACLcBGAsYHQ/s600/milf.market_120770502_1172233673157632_4014758245612349449_n.jpg"
    },
     {
	"teks": " *Silahkan Ambil Asupan Milfnya Desu..!!!* ",
	"image": "https://1.bp.blogspot.com/-GbgC15PSdkM/X8Dp6dAfQjI/AAAAAAAABH8/s6cFD26cOqo7YrJwzQo5k5VBkf8mt8aigCLcBGAsYHQ/s600/milf.market_120796781_808563606379530_2010583862153186387_n.jpg"
    },
     {
	"teks": " *Silahkan Ambil Asupan Milfnya Desu..!!!* ",
	"image": "https://1.bp.blogspot.com/-v5RUCM0DPGo/X8Dp6lk0SVI/AAAAAAAABIA/vqc6k6gAB5sT5gLivBsqkJ-tRvwnVpYbACLcBGAsYHQ/s600/milf.market_120837252_2843013662644867_337108969463790250_n.jpg"
    },
     {
	"teks": " *Silahkan Ambil Asupan Milfnya Desu..!!!* ",
	"image": "https://1.bp.blogspot.com/-fgG1uYZE2No/X8Dp64MZueI/AAAAAAAABIE/N3Ip3NypHmAcfZw9pEYdHrUrbFlXC3e9ACLcBGAsYHQ/s600/milf.market_121016165_755610918621625_6079987132637136550_n.jpg"
    },
     {
	"teks": " *Silahkan Ambil Asupan Milfnya Desu..!!!* ",
	"image": "https://1.bp.blogspot.com/-0fUkp630l7o/X8Dp7NBvxsI/AAAAAAAABIM/I-YkJGWs-BgO73VAh3-02qcyvoWzemLbACLcBGAsYHQ/s600/milf.market_121173126_193243925649971_4110741350519578862_n.jpg"
    },
     {
	"teks": " *Silahkan Ambil Asupan Milfnya Desu..!!!* ",
	"image": "https://1.bp.blogspot.com/-vBzIsaoAqzQ/X8Dp7DuBuLI/AAAAAAAABII/vSEzOU1Wrlsv_iB97craDMyZJ5yUsQN-wCLcBGAsYHQ/s600/milf.market_121190690_335648904175790_3745330676372716494_n.jpg"
    },
     {
	"teks": " *Silahkan Ambil Asupan Milfnya Desu..!!!* ",
	"image": "https://1.bp.blogspot.com/-VwhKWepSPvs/X8Dp7hsZwDI/AAAAAAAABIQ/LZaEdLCkFQM3qOLwrDZOjB-XUtU8MqRYgCLcBGAsYHQ/s600/milf.market_121280507_2794826134120191_5018525219681106737_n.jpg"
    },
     {
	"teks": " *Silahkan Ambil Asupan Milfnya Desu..!!!* ",
	"image": "https://1.bp.blogspot.com/-JMKLHjitz3U/X8Dp73UrmTI/AAAAAAAABIY/RE9-gBxt7RUG3vBQMLSV9hisKnBVeWKRwCLcBGAsYHQ/s600/milf.market_121286452_2526383440992964_6525686976973691409_n.jpg"
    },
     {
	"teks": " *Silahkan Ambil Asupan Milfnya Desu..!!!* ",
	"image": "https://1.bp.blogspot.com/-g0fitj6mdTE/X8Dp7_d1U7I/AAAAAAAABIU/x3p9-zdLlAUpkNF1y8k6jXJOgeY50f2qACLcBGAsYHQ/s600/milf.market_121287471_119644569723676_6915831093227738776_n.jpg"
    },
     {
	"teks": " *Silahkan Ambil Asupan Milfnya Desu..!!!* ",
	"image": "https://1.bp.blogspot.com/-kv5LwlnsrEI/X8Dp8fc2zsI/AAAAAAAABIc/Hpym1g-kShcGCFQjGIPkDR4q3-GsWwZdQCLcBGAsYHQ/s600/milf.market_121451543_983119045432656_9150711538996810351_n.jpg"
    },
     {
	"teks": " *Silahkan Ambil Asupan Milfnya Desu..!!!* ",
	"image": "https://1.bp.blogspot.com/-2pF72sdthGY/X8Dp8UvdkkI/AAAAAAAABIg/top2Ycu7f9svinrHxHc3bbC0_BIOiZgVwCLcBGAsYHQ/s600/milf.market_121506991_1907819916026967_1570392498396188223_n.jpg"
    },
     {
	"teks": " *Silahkan Ambil Asupan Milfnya Desu..!!!* ",
	"image": "https://1.bp.blogspot.com/-LjW7r74vUiE/X8Dp8glpjoI/AAAAAAAABIk/jZYprKPXlUUPsxz6D1HLb9gF-CJD6R-xwCLcBGAsYHQ/s600/milf.market_121559468_716170552587741_3268388861106823996_n.jpg"
    },
     {
	"teks": " *Silahkan Ambil Asupan Milfnya Desu..!!!* ",
	"image": "https://1.bp.blogspot.com/-39ouC2yIrF8/X8Dp82l_lwI/AAAAAAAABIo/xBBgOmhhT4Mh7Eatj8IWxnRCZr3N5vGVACLcBGAsYHQ/s600/milf.market_121687148_1732166246944579_7802943152490588756_n.jpg"
    },
     {
	"teks": " *Silahkan Ambil Asupan Milfnya Desu..!!!* ",
	"image": "https://1.bp.blogspot.com/-bg8LG4FryD4/X8Dp9HyjBCI/AAAAAAAABIs/ksfY28hQDU8knljtegYfL44ijxjvgO1qgCLcBGAsYHQ/s600/milf.market_121695106_408141697017040_6849034670389984650_n.jpg"
    },
    {
	"teks": " *Silahkan Ambil Asupan Milfnya Desu..!!!* ",
	"image": "https://1.bp.blogspot.com/-9WgT0TTxjHc/X8Dp9czPFMI/AAAAAAAABIw/tUHgO9viBS4HHmCXltUFbnUWKcJ83pg8ACLcBGAsYHQ/s600/milf.market_121715921_1072547799872137_6091599489026373210_n.jpg"
    },
     {
	"teks": " *Silahkan Ambil Asupan Milfnya Desu..!!!* ",
	"image": "https://1.bp.blogspot.com/-kAsoPTyLmQY/X8Dp97lEe7I/AAAAAAAABI0/VC3q1XZUS7g8cHqUk7-cK9TkH49964tggCLcBGAsYHQ/s600/milf.market_122156126_219109442882555_3741509164092074036_n.jpg"
    },
     {
	"teks": " *Silahkan Ambil Asupan Milfnya Desu..!!!* ",
	"image": "https://1.bp.blogspot.com/-Ij2LpFRE4pA/X8Dp9yRxUJI/AAAAAAAABI4/Aj8gxqr8Wa8v9KXYjWt_jXXiz5pIlNuCgCLcBGAsYHQ/s600/milf.market_122162488_2785007335085467_6436418200454432262_n.jpg"
    },
     {
	"teks": " *Silahkan Ambil Asupan Milfnya Desu..!!!* ",
	"image": "https://1.bp.blogspot.com/-jIDVcYuEYC8/X8Dp-JrzxPI/AAAAAAAABI8/ggpy-jnesoUHFLyjk8BIZZP649Brw4qoACLcBGAsYHQ/s600/milf.market_122400588_395003225218331_8186702813539586298_n.jpg"
    },
     {
	"teks": " *Silahkan Ambil Asupan Milfnya Desu..!!!* ",
	"image": "https://1.bp.blogspot.com/-Am1muXlC4zE/X8Dp-gd4kVI/AAAAAAAABJA/F05GpRbhBsYuBYroO8ojwwOhW4c-BgL3gCLcBGAsYHQ/s600/milf.market_122485729_361385078626856_2674405210404392967_n.jpg"
    },
     {
	"teks": " *Silahkan Ambil Asupan Milfnya Desu..!!!* ",
	"image": "https://1.bp.blogspot.com/-WZz1Khi9M-Y/X8Dp-lhtLBI/AAAAAAAABJE/MAXkg13piBMqZYqiehLgg7-sjqzlLc1UgCLcBGAsYHQ/s600/milf.market_122505752_658186621729107_585888671443160620_n.jpg"
    },
     {
	"teks": " *Silahkan Ambil Asupan Milfnya Desu..!!!* ",
	"image": "https://1.bp.blogspot.com/-H73jvc5zQRI/X8Dp-yFFsjI/AAAAAAAABJI/HCVZCRafJY4nL917VpuYZe3ccrVYjVrJwCLcBGAsYHQ/s600/milf.market_122890279_1056920854781902_463669936027064134_n.jpg"
    },
     {
	"teks": " *Silahkan Ambil Asupan Milfnya Desu..!!!* ",
	"image": "https://1.bp.blogspot.com/-po3qfJ5UX-Y/X8Dp_bDpNXI/AAAAAAAABJQ/JYzgNAq8ehcEP4HSJ3_7RJZffRrwt-1CwCLcBGAsYHQ/s600/milf.market_122928660_194333958808455_3072854586416028104_n.jpg"
    },
     {
	"teks": " *Silahkan Ambil Asupan Milfnya Desu..!!!* ",
	"image": "https://1.bp.blogspot.com/-W4HQkReYkac/X8Dp_ZZFEzI/AAAAAAAABJM/dHyM9BY-ndEfklYoCaG0yt-1Tcc3nuR2wCLcBGAsYHQ/s600/milf.market_123139625_3188831734561001_5593161782369393791_n.jpg"
    },
     {
	"teks": " *Silahkan Ambil Asupan Milfnya Desu..!!!* ",
	"image": "https://1.bp.blogspot.com/-1aNfXa6tmsU/X8Dp_qjkA8I/AAAAAAAABJU/yJr8y3DZios1VL2BOLoknYrpCgeEa6vzQCLcBGAsYHQ/s600/milf.market_123143169_744764576251946_5639985621846603363_n.jpg"
    },
     {
	"teks": " *Silahkan Ambil Asupan Milfnya Desu..!!!* ",
	"image": "https://1.bp.blogspot.com/-ok_SUITZc7A/X8DqACyzsuI/AAAAAAAABJY/2MAdOXZM0f4LXN6e8EGSnOksL1K2OM2jQCLcBGAsYHQ/s600/milf.market_123203752_1038578506555315_5617821758069794144_n.jpg"
    },
    {
	"teks": " *Silahkan Ambil Asupan Milfnya Desu..!!!* ",
	"image": "https://1.bp.blogspot.com/-CjyVYTmSpcw/X8DqAejmEgI/AAAAAAAABJg/s8FsuP6hv_UB00sLo-AB5-YnCaxUAdO4wCLcBGAsYHQ/s600/milf.market_123216273_206025214239583_7518862174704910489_n.jpg"
    },
     {
	"teks": " *Silahkan Ambil Asupan Milfnya Desu..!!!* ",
	"image": "https://1.bp.blogspot.com/-9I4-cmDHONg/X8DqAZaoRCI/AAAAAAAABJc/S0MkhcXRmxAbfCyAIAdeDPEgV7gT-OrtACLcBGAsYHQ/s600/milf.market_123245196_3496237573746881_4187872600309479983_n.jpg"
    },
     {
	"teks": " *Silahkan Ambil Asupan Milfnya Desu..!!!* ",
	"image": "https://1.bp.blogspot.com/-P_h1EXtOFbU/X8DqA2igByI/AAAAAAAABJo/vL88ycldSIAoEF531dam5iqIDW39bl5SQCLcBGAsYHQ/s600/milf.market_123412093_399909141143449_3605053880350273787_n.jpg"
    },
     {
	"teks": " *Silahkan Ambil Asupan Milfnya Desu..!!!* ",
	"image": "https://1.bp.blogspot.com/-ZNSxTJkbOOg/X8DqA3ASNkI/AAAAAAAABJk/CY_gcwdQ5yQ4EtB78dItkj1hcHHfe0KeACLcBGAsYHQ/s600/milf.market_123566019_363202488223137_6512083819908344197_n.jpg"
    },
     {
	"teks": " *Silahkan Ambil Asupan Milfnya Desu..!!!* ",
	"image": "https://1.bp.blogspot.com/-OYMASnc9cn0/X8DqBENkENI/AAAAAAAABJs/9Ot1Za7-a78ru9EMGAoEhG2RVRNwQVeeQCLcBGAsYHQ/s600/milf.market_123721521_742088373008476_511995332879423956_n.jpg"
    },
     {
	"teks": " *Silahkan Ambil Asupan Milfnya Desu..!!!* ",
	"image": "https://1.bp.blogspot.com/-beRN7PKzFu8/X8DqB-2vzEI/AAAAAAAABJw/r2N9xVz45GcqZ3UiTvagq4zP_RPkwqQMQCLcBGAsYHQ/s600/milf.market_123950347_1331766750498927_1793632826091862368_n.jpg"
    },
     {
	"teks": " *Silahkan Ambil Asupan Milfnya Desu..!!!* ",
	"image": "https://1.bp.blogspot.com/-5xx8W7zMWbw/X8DqCHz4D2I/AAAAAAAABJ0/22vSQGp0KS4Lq6lJA8nATdFmWyOLPinhACLcBGAsYHQ/s600/milf.market_124155602_186002879748178_2746867744586605703_n.jpg"
    },
     {
	"teks": " *Silahkan Ambil Asupan Milfnya Desu..!!!* ",
	"image": "https://1.bp.blogspot.com/-qP71srklMsk/X8DqCLt4MeI/AAAAAAAABJ4/uHo7zbBFw1AkwkMsKXEOFLbT7aSsYcq9wCLcBGAsYHQ/s600/milf.market_124198920_3441751176050899_3945790565029340811_n.jpg"
    },
     {
	"teks": " *Silahkan Ambil Asupan Milfnya Desu..!!!* ",
	"image": "https://1.bp.blogspot.com/-bVMSZAjMyMw/X8DqCo5jGEI/AAAAAAAABJ8/MRZWXS4V7bwB87pgSZC2fHggaKCh5Hc4ACLcBGAsYHQ/s600/milf.market_124393536_359726261947690_284827522692173103_n.jpg"
    },
     {
	"teks": " *Silahkan Ambil Asupan Milfnya Desu..!!!* ",
	"image": "https://1.bp.blogspot.com/-inD9991vTaI/X8DqC6XNGBI/AAAAAAAABKA/Mg-ZDqCQdYsfUTkGKGbolHu1fD_WHm1NQCLcBGAsYHQ/s600/milf.market_124594726_121247209763136_648379037843324187_n.jpg"
    },
     {
	"teks": " *Silahkan Ambil Asupan Milfnya Desu..!!!* ",
	"image": "https://1.bp.blogspot.com/-R_mKeWkMBBI/X8DqCw44bVI/AAAAAAAABKE/hHuz3sG4h1ko82Kv_LxlZF-23OK4fkyxgCLcBGAsYHQ/s600/milf.market_124664903_695592981369382_2830759951538479409_n.jpg"
    },
    {
	"teks": " *Silahkan Ambil Asupan Milfnya Desu..!!!* ",
	"image": "https://1.bp.blogspot.com/-xTA2JqlD574/X8DqDPpXKCI/AAAAAAAABKI/YJ_7S9_C7dsPc40Y0BI1lGJSvBqcxbNTQCLcBGAsYHQ/s600/milf.market_125062022_234699444750154_2575108721347889874_n.jpg"
    },
     {
	"teks": " *Silahkan Ambil Asupan Milfnya Desu..!!!* ",
	"image": "https://1.bp.blogspot.com/-PonZYyWMnnM/X8DqDmfYqqI/AAAAAAAABKQ/Zonn7YSMfz0AIhxW71TCd5yR2hVmSmfkACLcBGAsYHQ/s600/milf.market_125421837_868910257189233_7697466486109854685_n.jpg"
    },
     {
	"teks": " *Silahkan Ambil Asupan Milfnya Desu..!!!* ",
	"image": "https://1.bp.blogspot.com/-zf5deKSalnI/X8DqDTnnzEI/AAAAAAAABKM/OH1Di07a7RQO7sSoV5yw7qPIfSuBmIqJwCLcBGAsYHQ/s600/milf.market_125450927_156356819519153_1956505043418718686_n.jpg"
    },
     {
	"teks": " *Silahkan Ambil Asupan Milfnya Desu..!!!* ",
	"image": "https://1.bp.blogspot.com/-OB89b_KjWDI/X8DqDx_B7nI/AAAAAAAABKU/pops4abVek0aVvb_1h6Qa8ZY-uakxTWHACLcBGAsYHQ/s600/milf.market_125486795_395174584941304_7718977044107694844_n.jpg"
    },
     {
	"teks": " *Silahkan Ambil Asupan Milfnya Desu..!!!* ",
	"image": "https://1.bp.blogspot.com/-1EKLgvDFN54/X8DqEMbU-sI/AAAAAAAABKc/O2HGY9xbEREqP1zK6BmpogOG8C5jwWaQACLcBGAsYHQ/s600/milf.market_125489635_820725712059938_4650293068483501527_n.jpg"
    },
     {
	"teks": " *Silahkan Ambil Asupan Milfnya Desu..!!!* ",
	"image": "https://1.bp.blogspot.com/-ZoJc9S4XLH4/X8DqEJxdH9I/AAAAAAAABKY/QRUTmk_JFlkgYHkD97Qyjz3_H1p7lZ-pQCLcBGAsYHQ/s600/milf.market_125982958_206630384159980_3545786223913642053_n.jpg"
    },
     {
	"teks": " *Silahkan Ambil Asupan Milfnya Desu..!!!* ",
	"image": "https://1.bp.blogspot.com/-lXn0rENv8EM/X8DqEbxENUI/AAAAAAAABKg/QVsHkjlLeJkzucqesy6a6qxwqcz0_cc-wCLcBGAsYHQ/s600/milf.market_126164545_191046035850668_1128230293972754422_n.jpg"
    },
     {
	"teks": " *Silahkan Ambil Asupan Milfnya Desu..!!!* ",
	"image": "https://1.bp.blogspot.com/--EvIGCD0y00/X8DqE1UiRaI/AAAAAAAABKo/xIAPZfZ2EscFJS2QlV4fkQ8D-ZD5y4T0gCLcBGAsYHQ/s600/milf.market_126368152_183489900035649_6769138370100545405_n.jpg"
    },
     {
	"teks": " *Silahkan Ambil Asupan Milfnya Desu..!!!* ",
	"image": "https://1.bp.blogspot.com/-w_gdpqAtSYI/X8DqE9wKtPI/AAAAAAAABKk/V4Aq3t-dXNg83Y3cbQ0MbsAMjouT0jbyQCLcBGAsYHQ/s600/milf.market_126505485_4895397837167320_4847412349103525632_n.jpg"
    },
     {
	"teks": " *Silahkan Ambil Asupan Milfnya Desu..!!!* ",
	"image": "https://1.bp.blogspot.com/-iT4c97OjCVo/X8DqFPgdSGI/AAAAAAAABKs/SdyLxX4kfsARWQn2YNu6PLKFp9Ys6U5PwCLcBGAsYHQ/s600/milf.market_126790609_287363952640138_3279457966039297944_n.jpg"
    },
     {
	"teks": " *Silahkan Ambil Asupan Milfnya Desu..!!!* ",
	"image": "https://1.bp.blogspot.com/-Q_SLuouNGec/X8DqFo9N9uI/AAAAAAAABKw/AyULM6QcCj0lrb2lF8WujFXihb1mywO-wCLcBGAsYHQ/s600/milf.market_126899860_2830244277215677_7293371484739213649_n.jpg"
    },
    {
	"teks": " *Silahkan Ambil Asupan Milfnya Desu..!!!* ",
	"image": "https://1.bp.blogspot.com/-1cCFW5ii2S4/X8DqF2eSFZI/AAAAAAAABK0/09VxILzlLYoy2FZhXfHA3LpHBcigG-39wCLcBGAsYHQ/s600/milf.market_127012193_125927579116519_2213557940758309612_n.jpg"
    },
     {
	"teks": " *Silahkan Ambil Asupan Milfnya Desu..!!!* ",
	"image": "https://1.bp.blogspot.com/-lcXz0iGgSsM/X8DqF_t2SpI/AAAAAAAABK4/ts7MrIskdGg5CKtgI7vN0IVuJbGe6wNkgCLcBGAsYHQ/s600/milf.market_127092169_159552205885055_65174900138799593_n.jpg"
    },
     {
	"teks": " *Silahkan Ambil Asupan Milfnya Desu..!!!* ",
	"image": "https://1.bp.blogspot.com/-XVnag_VvF-8/X8DqGdRqbWI/AAAAAAAABK8/WyIm94TGvBMepW4v4pnOFC6xUROLAqvKQCLcBGAsYHQ/s600/milf.market_127179601_726457017965550_3772927087534227729_n.jpg"
    },
     {
	"teks": " *Silahkan Ambil Asupan Milfnya Desu..!!!* ",
	"image": "https://1.bp.blogspot.com/-ePpUB-v8CCA/X8DqGhER_fI/AAAAAAAABLA/MA8CX1L-JIccMxACcTGVhjg8rc0iwsfWwCLcBGAsYHQ/s600/milf.market_127218221_433303031009840_3586227224413870256_n.jpg"
    }
  

]