[
    {
	"teks": " *Kyaaah.. Totemo kakkoī* ",
	"image": "https://1.bp.blogspot.com/-KIjQRVbYB_Q/X7vCkBHWbLI/AAAAAAAAUYg/yIeUjjx-7EIHB0G2q9zid8IAHuhCcYixgCNcBGAsYHQ/s600/yaoi.moment_53041325_258904478350353_7558350383442705027_n.jpg"
   },
   {
	"teks": " *Kyaaah.. Totemo kakkoī* ",
	"image": "https://1.bp.blogspot.com/-BdQEXpwNg9M/X7vCkev5bcI/AAAAAAAAUYk/kQJhDMIiMCQWVVV3ijnCUiTEJZNXVXVjgCNcBGAsYHQ/s600/yaoi.moment_53117287_842020249479970_5741736071980673940_n.jpg"
   },
    {
	"teks": " *Kyaaah.. Totemo kakkoī* ",
	"image": "https://1.bp.blogspot.com/-hORgFu0X8a8/X7vCkiXGTYI/AAAAAAAAUYs/6bFmjszWuLotEYqVetdDGtBR7owxTZYAwCNcBGAsYHQ/s600/yaoi.moment_53165351_808986776128703_5263311364818811151_n.jpg"
   },
   {
	"teks": " *Kyaaah.. Totemo kakkoī* ",
	"image": "https://1.bp.blogspot.com/-eexIFf2ymZE/X7vCk-_AV-I/AAAAAAAAUYw/1a6YjfLztBAhXKDwAsaod8xnQVtKEDgAgCNcBGAsYHQ/s600/yaoi.moment_53297119_1295325837292580_2340595843257035847_n.jpg"
   },
    {
	"teks": " *Kyaaah.. Totemo kakkoī* ",
	"image": "https://1.bp.blogspot.com/-5RxAAoApaDw/X7vClKQLE3I/AAAAAAAAUY0/hrdwe0udZ64icHAicLrOyCxWUuH3KawEgCNcBGAsYHQ/s600/yaoi.moment_53435622_338704953438633_2115017746744721151_n.jpg"
   },
   {
	"teks": " *Kyaaah.. Totemo kakkoī* ",
	"image": "https://1.bp.blogspot.com/-xSx7lpYXG4M/X7vClU9_qxI/AAAAAAAAUY4/L0ZpIRK7zQkHoo4w1BrlcDTBoFUeeGyZACNcBGAsYHQ/s600/yaoi.moment_53811101_1132513516910655_7615934844399440173_n.jpg"
   },
    {
	"teks": " *Kyaaah.. Totemo kakkoī* ",
	"image": "https://1.bp.blogspot.com/-fTatQbxfNQw/X7vCluLPNpI/AAAAAAAAUY8/CpRAXTRnd2AjnXfCTvV76rlSYF3Pkj1FgCNcBGAsYHQ/s600/yaoi.moment_54230445_783133665402398_999953668940229495_n.jpg"
   },
   {
	"teks": " *Kyaaah.. Totemo kakkoī* ",
	"image": "https://1.bp.blogspot.com/-agReZDlAov8/X7vCl4ymAJI/AAAAAAAAUZA/a4fb-jMmyeEIZTTBQdUofidtt9B5ettrQCNcBGAsYHQ/s600/yaoi.moment_54511766_317031269008717_3040117258995766126_n.jpg"
   },
    {
	"teks": " *Kyaaah.. Totemo kakkoī* ",
	"image": "https://1.bp.blogspot.com/-VeO67QwwGcg/X7vCmBSoSnI/AAAAAAAAUZE/N3k13UHIbYYGbdHAIE-wqGH2H_JVmfRyQCNcBGAsYHQ/s600/yaoi.moment_54511986_1180630995452827_5107924567963739364_n.jpg"
   },
   {
	"teks": " *Kyaaah.. Totemo kakkoī* ",
	"image": "https://1.bp.blogspot.com/-Z8KIH5yINt4/X7vCmQEVOXI/AAAAAAAAUZM/h4KYtYLCm_kPRTNnFaDlNBd9uGFAxRqpgCNcBGAsYHQ/s600/yaoi.moment_54800523_616888915405960_3391772673548562873_n.jpg"
   },
    {
	"teks": " *Kyaaah.. Totemo kakkoī* ",
	"image": "https://1.bp.blogspot.com/-I-hPcUq3muw/X7vCmWN8egI/AAAAAAAAUZI/MDlwKV4FNuk8VTJVf3-2tsJdgNgv1GJ-QCNcBGAsYHQ/s600/yaoi.moment_55783944_155084308851043_8807239172972895593_n.jpg"
   },
   {
	"teks": " *Kyaaah.. Totemo kakkoī* ",
	"image": "https://1.bp.blogspot.com/-I-hPcUq3muw/X7vCmWN8egI/AAAAAAAAUZI/MDlwKV4FNuk8VTJVf3-2tsJdgNgv1GJ-QCNcBGAsYHQ/s600/yaoi.moment_55783944_155084308851043_8807239172972895593_n.jpg"
   },
    {
	"teks": " *Kyaaah.. Totemo kakkoī* ",
	"image": "https://1.bp.blogspot.com/-qfgRPy3R4rw/X7vCnSuJeGI/AAAAAAAAUZU/0OpTGTNuohAQxwWulk-JvbTRYfk6FLhhwCNcBGAsYHQ/s600/yaoi.moment_56244851_782264305488745_8821806749361312754_n.jpg"
   },
   {
	"teks": " *Kyaaah.. Totemo kakkoī* ",
	"image": "https://1.bp.blogspot.com/-f3gGcMxPchM/X7vCnfuGyYI/AAAAAAAAUZY/HQyfp_jpaUoUywUaiPgoN6kpKOF4A4RHwCNcBGAsYHQ/s600/yaoi.moment_56957826_576784402842565_7466162801805399341_n.jpg"
   },
   {
	"teks": " *Kyaaah.. Totemo kakkoī* ",
	"image": "https://1.bp.blogspot.com/-x-rvBhbcWVg/X7vCnvQAu1I/AAAAAAAAUZc/G9lAux9oQb4hQs6ea1bNUfkHJrxTFQMnACNcBGAsYHQ/s600/yaoi.moment_57383146_130429584718795_4189486811263442049_n.jpg"
   },
   {
	"teks": " *Kyaaah.. Totemo kakkoī* ",
	"image": "https://1.bp.blogspot.com/-n0qr1vf1umA/X7vCodSfaNI/AAAAAAAAUZg/cJCKDThF8YUzlmjHdSqLZVlQU8RV4KBWQCNcBGAsYHQ/s600/yaoi.moment_57674268_2321962674740378_5133836561792642767_n.jpg"
   },
    {
	"teks": " *Kyaaah.. Totemo kakkoī* ",
	"image": "https://1.bp.blogspot.com/-n0qr1vf1umA/X7vCodSfaNI/AAAAAAAAUZg/cJCKDThF8YUzlmjHdSqLZVlQU8RV4KBWQCNcBGAsYHQ/s600/yaoi.moment_57674268_2321962674740378_5133836561792642767_n.jpg"
   },
   {
	"teks": " *Kyaaah.. Totemo kakkoī* ",
	"image": "https://1.bp.blogspot.com/-97RKvp0BOc8/X7vCoj7XUSI/AAAAAAAAUZo/3WsykEcWWAMWpEs0F036kBmiKOGs_x0jACNcBGAsYHQ/s600/yaoi.moment_59345492_966636807060778_4279064402376970936_n.jpg"
   },
    {
	"teks": " *Kyaaah.. Totemo kakkoī* ",
	"image": "https://1.bp.blogspot.com/-Akag0lkV_J4/X7vCpAacA7I/AAAAAAAAUZs/7gNv_OIhfxMvye7iDc4sJsDxkttsQhqbwCNcBGAsYHQ/s600/yaoi.moment_59368647_377703579753556_6579993426575848838_n.jpg"
   },
   {
	"teks": " *Kyaaah.. Totemo kakkoī* ",
	"image": "https://1.bp.blogspot.com/-8jDUJx91T2E/X7vCpegSdII/AAAAAAAAUZ0/-0Xh2IT-udUZkzZ_-BL1bnY3lwNQ0fwFgCNcBGAsYHQ/s600/yaoi.moment_59736522_564652653939527_8338059211930730797_n.jpg"
   },
    {
	"teks": " *Kyaaah.. Totemo kakkoī* ",
	"image": "https://1.bp.blogspot.com/-1E1PrLYWg7s/X7vCpfhSE3I/AAAAAAAAUZw/LhrwikgYYigBl6xMuEdaAIRUk6O81vDsQCNcBGAsYHQ/s600/yaoi.moment_60012276_118141162507007_7828070580406701612_n.jpg"
   },
   {
	"teks": " *Kyaaah.. Totemo kakkoī* ",
	"image": "https://1.bp.blogspot.com/--dKwF3VqlRg/X7vCpkFDLXI/AAAAAAAAUZ4/XyUOk4tFqdYOiTqBEBSvVm5sGY3MCIWVwCNcBGAsYHQ/s600/yaoi.moment_60329677_343121249721685_7346811435162036115_n.jpg"
   },
    {
	"teks": " *Kyaaah.. Totemo kakkoī* ",
	"image": "https://1.bp.blogspot.com/-x_gKsAz86qY/X7vCqDgPMxI/AAAAAAAAUZ8/1AxRGPkJ0D8F82zkGkHtrlb0SuOCEEfxACNcBGAsYHQ/s600/yaoi.moment_60355245_116629326225588_3753498493422089788_n.jpg"
   },
   {
	"teks": " *Kyaaah.. Totemo kakkoī* ",
	"image": "https://1.bp.blogspot.com/-gZ5Dk9aBKP8/X7vCqEYO3lI/AAAAAAAAUaA/hfdyfgh7syYxVAylBGrGV-QiXTfgjSkHgCNcBGAsYHQ/s600/yaoi.moment_60605188_2374349442842326_2469317043808637355_n.jpg"
   },
    {
	"teks": " *Kyaaah.. Totemo kakkoī* ",
	"image": "https://1.bp.blogspot.com/-Ib-lGCrpvQ4/X7vCqTxP65I/AAAAAAAAUaE/xX-Y284GZWodbu_-Ywrs93ibCaXOyvg7ACNcBGAsYHQ/s600/yaoi.moment_60971760_598000284043455_3789672838538109581_n.jpg"
   },
   {
	"teks": " *Kyaaah.. Totemo kakkoī* ",
	"image": "https://1.bp.blogspot.com/-jYh5fx7W7Rs/X7vCq3P7fcI/AAAAAAAAUaI/Ljom_KyH5ZgQbBqXo-OFLQ468OLXM3clACNcBGAsYHQ/s600/yaoi.moment_61188354_2218502351596661_6129954842497946725_n.jpg"
   },
    {
	"teks": " *Kyaaah.. Totemo kakkoī* ",
	"image": "https://1.bp.blogspot.com/-v2EvLJ7DFKU/X7vCqvMu5vI/AAAAAAAAUaM/omZEvEwVlJ0Y6LqPZ6wLalkoxokGn40VQCNcBGAsYHQ/s600/yaoi.moment_61265213_2514319972183921_5313986428870006547_n.jpg"
   },
   {
	"teks": " *Kyaaah.. Totemo kakkoī* ",
	"image": "https://1.bp.blogspot.com/-sP7WWFP7nJ8/X7vCrOS31fI/AAAAAAAAUaQ/hp4a0W8zTHMPA55atTvQwsBNGbtBMnswACNcBGAsYHQ/s600/yaoi.moment_61365396_428279771090043_3322934882542637717_n.jpg"
   },
   {
	"teks": " *Kyaaah.. Totemo kakkoī* ",
	"image": "https://1.bp.blogspot.com/-LpLflxx439g/X7vCrkmGloI/AAAAAAAAUaU/3xkKbnpWyTAAGi8meQCo3nfEej8ySzuBwCNcBGAsYHQ/s600/yaoi.moment_61478263_136931474078645_5609137571728982334_n.jpg"
   },
   {
	"teks": " *Kyaaah.. Totemo kakkoī* ",
	"image": "https://1.bp.blogspot.com/-sZjY0_1TbUI/X7vCro0YW7I/AAAAAAAAUac/1Rd52poB0bY2pfIWHIku5vmFbwMhWPSBgCNcBGAsYHQ/s600/yaoi.moment_61723163_343366549661103_642452222529480218_n.jpg"
   },
    {
	"teks": " *Kyaaah.. Totemo kakkoī* ",
	"image": "https://1.bp.blogspot.com/-6XLOkwbVO1s/X7vCsTZ37NI/AAAAAAAAUag/vuiWU2l08PwmeiaYunQFAJMq-LuDuTkFACNcBGAsYHQ/s600/yaoi.moment_61846312_301046737507630_7439884044415060426_n.jpg"
   },
   {
	"teks": " *Kyaaah.. Totemo kakkoī* ",
	"image": "https://1.bp.blogspot.com/-FJqRMPu5zR4/X7vCsv3S-yI/AAAAAAAAUao/HQYUH0_xLXsG4tZSYwlHIM66l-d55ejgACNcBGAsYHQ/s600/yaoi.moment_62472934_494715654630684_9202144984372978555_n.jpg"
   },
    {
	"teks": " *Kyaaah.. Totemo kakkoī* ",
	"image": "https://1.bp.blogspot.com/-1k9jMRmH0Kw/X7vCsk1X4DI/AAAAAAAAUak/LAtpRqvumIkyTjMJtSj24pSoKKKwiT2vgCNcBGAsYHQ/s600/yaoi.moment_62490203_306924710193416_7604518515027205256_n.jpg"
   },
   {
	"teks": " *Kyaaah.. Totemo kakkoī* ",
	"image": "https://1.bp.blogspot.com/-WYJz30kVSdw/X7vCsypE1II/AAAAAAAAUas/MDhyXkRcBAkWARKZ_2Wnq_kjxrhEyBuAwCNcBGAsYHQ/s600/yaoi.moment_62539077_174842226879495_8471860441260785176_n.jpg"
   },
    {
	"teks": " *Kyaaah.. Totemo kakkoī* ",
	"image": "https://1.bp.blogspot.com/-dEJuejDfPR4/X7vCtaEFbtI/AAAAAAAAUaw/z0Opimy_8MExH5wb7PNnYfDysEuNvEX4ACNcBGAsYHQ/s600/yaoi.moment_62637012_169173727446895_6847726433262109022_n.jpg"
   },
   {
	"teks": " *Kyaaah.. Totemo kakkoī* ",
	"image": "https://1.bp.blogspot.com/-I-2CWQaTttw/X7vCtmf3IyI/AAAAAAAAUa4/-JFvhWujgYMnpSGSe7JLByBzhvWgDdGuQCNcBGAsYHQ/s600/yaoi.moment_65155118_2386018278388017_4604256745010200307_n.jpg"
   },
    {
	"teks": " *Kyaaah.. Totemo kakkoī* ",
	"image": "https://1.bp.blogspot.com/-v-1XxdktzvE/X7vCtWcs5-I/AAAAAAAAUa0/DnoSXXEYzbsK_O5peVt-B1t9g5u3v89NwCNcBGAsYHQ/s600/yaoi.moment_65017975_376044326596124_1243258538189382357_n.jpg"
   },
   {
	"teks": " *Kyaaah.. Totemo kakkoī* ",
	"image": "https://1.bp.blogspot.com/-MSYsjiNdOlI/X7vCtzY5n_I/AAAAAAAAUbA/bwSUArF1LbY25jsPPsVAopHNnCCHvb0PwCNcBGAsYHQ/s600/yaoi.moment_66094932_820280535034587_6146080641910717268_n.jpg"
   },
    {
	"teks": " *Kyaaah.. Totemo kakkoī* ",
	"image": "https://1.bp.blogspot.com/-1hjJ8q2WwGc/X7vCuAY1diI/AAAAAAAAUbI/yB5qq_zJihcwKflfP-wMkwgOvhT8FMi-QCNcBGAsYHQ/s600/yaoi.moment_66119216_2282342935186951_502942927577830595_n.jpg"
   },
   {
	"teks": " *Kyaaah.. Totemo kakkoī* ",
	"image": "https://1.bp.blogspot.com/-4sYTpbUb5mc/X7vCt5MZlfI/AAAAAAAAUa8/CsB3kBaRhKUP2V-ctnR5sEPRpCl5mbV-ACNcBGAsYHQ/s600/yaoi.moment_66687295_2867689579948290_8750838813665477770_n.jpg"
   },
    {
	"teks": " *Kyaaah.. Totemo kakkoī* ",
	"image": "https://1.bp.blogspot.com/-0PHGnSGuL8w/X7vCu4nvWBI/AAAAAAAAUbM/ljZVbWbhbLMjy87w-ngj05tUB2SUVLqGQCNcBGAsYHQ/s600/yaoi.moment_67139072_453230658861269_1494636140009684611_n.jpg"
   },
   {
	"teks": " *Kyaaah.. Totemo kakkoī* ",
	"image": "https://1.bp.blogspot.com/-Cu-PF88od9s/X7vCvDxxyYI/AAAAAAAAUbQ/NZ2yU7VUSB8l1dsd33ZpCeeDU7Hm4nPEgCNcBGAsYHQ/s600/yaoi.moment_67160086_2430280613910448_4912023039380881272_n.jpg"
   },
   {
	"teks": " *Kyaaah.. Totemo kakkoī* ",
	"image": "https://1.bp.blogspot.com/-H4ElKFeZpng/X7vCvzORttI/AAAAAAAAUbU/8ptVKyCYSd4hO_RzG8LSfa7qS0mYszTcwCNcBGAsYHQ/s600/yaoi.moment_67686457_2570934946252082_8401147741060602966_n.jpg"
   },
   {
	"teks": " *Kyaaah.. Totemo kakkoī* ",
	"image": "https://1.bp.blogspot.com/-b3B7008XG8A/X7vCwnedufI/AAAAAAAAUbY/uQkoWnHwOFYxV4fI-g41-lR-zNFCZAX9QCNcBGAsYHQ/s600/yaoi.moment_67945149_471228707027127_6274312481490583593_n.jpg"
   },
    {
	"teks": " *Kyaaah.. Totemo kakkoī* ",
	"image": "https://1.bp.blogspot.com/-Qzwmsqi_05s/X7vCxO80vfI/AAAAAAAAUbc/XRU78AsGSKQSc7o8xN7UBMWreDYvi40TQCNcBGAsYHQ/s600/yaoi.moment_69509326_667051230370934_4224672587721746707_n.jpg"
   },
   {
	"teks": " *Kyaaah.. Totemo kakkoī* ",
	"image": "https://1.bp.blogspot.com/-T9Rmif8-JPM/X7vCxFYXI_I/AAAAAAAAUbg/EUyLfVuBlY4c5qEWBNUvlsEhKHfW8Y-vwCNcBGAsYHQ/s600/yaoi.moment_69840105_439497250318905_2119982012710021590_n.jpg"
   },
    {
	"teks": " *Kyaaah.. Totemo kakkoī* ",
	"image": "https://1.bp.blogspot.com/-cRfDDtN77mY/X7vCxwPpgaI/AAAAAAAAUbo/YsTTSV1O638LS6CcJOTzvnTz4UOOXa-LgCNcBGAsYHQ/s600/yaoi.moment_72564658_2535607006556290_6994544568499339127_n.jpg"
   },
   {
	"teks": " *Kyaaah.. Totemo kakkoī* ",
	"image": "https://1.bp.blogspot.com/-aronRA46DOA/X7vCxakdZaI/AAAAAAAAUbk/k-jwbBigQu0ykG2nU3t-kp53DSQixqDAQCNcBGAsYHQ/s600/yaoi.moment_71105557_434162157531699_1276135191677025029_n.jpg"
   },
    {
	"teks": " *Kyaaah.. Totemo kakkoī* ",
	"image": "https://1.bp.blogspot.com/-ZWHNpbUBHCI/X7vCxw1wJ5I/AAAAAAAAUbs/I-jjcKcCToES4C5bX-9AZk5trCToekq7QCNcBGAsYHQ/s600/yaoi.moment_73470581_478874242728286_9041428479363687487_n.jpg"
   },
   {
	"teks": " *Kyaaah.. Totemo kakkoī* ",
	"image": "https://1.bp.blogspot.com/-_mLeU3O6i24/X7vCyGBuEtI/AAAAAAAAUbw/lYQl5-1mKoc_rNMnoxD9ILe8677BsIx9wCNcBGAsYHQ/s600/yaoi.moment_74711747_577416703025064_6893357944200804526_n.jpg"
   },
    {
	"teks": " *Kyaaah.. Totemo kakkoī* ",
	"image": "https://1.bp.blogspot.com/-SwUyUx_vDuw/X7vCycNkb1I/AAAAAAAAUb0/t4HhGjTi54UZU4IpjpkSFeaIDxHAo_xHwCNcBGAsYHQ/s600/yaoi.moment_75312615_552962542165491_4880625200163333223_n.jpg"
   },
   {
	"teks": " *Kyaaah.. Totemo kakkoī* ",
	"image": "https://1.bp.blogspot.com/-GExZM--Ye0U/X7vCyzwB-9I/AAAAAAAAUb4/pTpGMSOg12spaYcjRzja575iq-65Xk7QQCNcBGAsYHQ/s600/yaoi.moment_78774867_553063718585367_8591435524181492049_n.jpg"
   },
    {
	"teks": " *Kyaaah.. Totemo kakkoī* ",
	"image": "https://1.bp.blogspot.com/-hs5JLK8jHOc/X7vCy31_gKI/AAAAAAAAUb8/ZvTLpDyqvgEhV5mRxPhI6CBMeY-aAExfACNcBGAsYHQ/s600/yaoi.moment_81665429_271964764007303_6187376477286073607_n.jpg"
   },
   {
	"teks": " *Kyaaah.. Totemo kakkoī* ",
	"image": "https://1.bp.blogspot.com/-bVXy5l-WoyU/X7vCzNsx4SI/AAAAAAAAUcA/RlTKlGydIlIj9icLxFc5RNHU8KVsOzDXwCNcBGAsYHQ/s600/yaoi.moment_81933803_2168576519911780_8620355616721309321_n.jpg"
   },
    {
	"teks": " *Kyaaah.. Totemo kakkoī* ",
	"image": "https://1.bp.blogspot.com/-fIbZ2cOJHOk/X7vCzzk241I/AAAAAAAAUcE/2yNAYuDcrcYQPUNWq3w-gmuh_LxkiMyUQCNcBGAsYHQ/s600/yaoi.moment_83861973_2492734454326584_4184311695662006137_n.jpg"
   },
   {
	"teks": " *Kyaaah.. Totemo kakkoī* ",
	"image": "https://1.bp.blogspot.com/-CiNNhW-iQ2M/X7vC0E-7twI/AAAAAAAAUcM/Fu6OVz2m7KYrrsMnRXafOEzGR_DN2CELQCNcBGAsYHQ/s600/yaoi.moment_91122911_679066242830319_6657972231096732297_n.jpg"
   },
   {
	"teks": " *Kyaaah.. Totemo kakkoī* ",
	"image": "https://1.bp.blogspot.com/-QWpXeBJCtPA/X7vC0Hsbi_I/AAAAAAAAUcI/b75lBx0rkRIzmJMJT6SmQlEa7D7_uauYgCNcBGAsYHQ/s600/yaoi.moment_91544070_925647561204073_4832074429771430846_n.jpg"
   },
   {
	"teks": " *Kyaaah.. Totemo kakkoī* ",
	"image": "https://1.bp.blogspot.com/-jWUpOB_Tua0/X7vC0SVHQ7I/AAAAAAAAUcQ/tp3tAErZSusz6zKrYP5xu_00u3hUhlWKQCNcBGAsYHQ/s600/yaoi.moment_93224173_1121454148187454_4857892205223377930_n.jpg"
   },
    {
	"teks": " *Kyaaah.. Totemo kakkoī* ",
	"image": "https://1.bp.blogspot.com/-agmJJ2IrL9s/X7vC05yL_ZI/AAAAAAAAUcU/NZWiWyGSuecJG2p_yNlpakjTSPj9vKfVwCNcBGAsYHQ/s600/yaoi.moment_93244091_637997083649422_701093338895533103_n.jpg"
   },
   {
	"teks": " *Kyaaah.. Totemo kakkoī* ",
	"image": "https://1.bp.blogspot.com/-GfL5GP1eKZI/X7vC1Orj5II/AAAAAAAAUcc/fmmiAW5cWUs3xh3S2js9hBtTX14Ue_IMACNcBGAsYHQ/s600/yaoi.moment_93848062_131339875154220_5714379391015519911_n.jpg"
   },
    {
	"teks": " *Kyaaah.. Totemo kakkoī* ",
	"image": "https://1.bp.blogspot.com/-kvGSg7o6Uvc/X7vC1sQDTMI/AAAAAAAAUcg/fOheKdACXbUFV4XSVEd2ioLBeVU6EtwFwCNcBGAsYHQ/s600/yaoi.moment_94397092_277057449971257_8175439363424580443_n.jpg"
   },
   {
	"teks": " *Kyaaah.. Totemo kakkoī* ",
	"image": "https://1.bp.blogspot.com/-Xr2cIxSBhZc/X7vC11gTh-I/AAAAAAAAUck/Qx1r7V9-WBU6K4IxiXFsGSPpPclb4tx9gCNcBGAsYHQ/s600/yaoi.moment_94900134_1146018089090086_587072175512806462_n.jpg"
   },
    {
	"teks": " *Kyaaah.. Totemo kakkoī* ",
	"image": "https://1.bp.blogspot.com/-QLYfW7QHej0/X7vC17JYQhI/AAAAAAAAUco/DqnNSUtwn4YXrshOZkEUJF4VCs6YRJTQgCNcBGAsYHQ/s600/yaoi.moment_94905129_269914854171701_2110576121685362369_n.jpg"
   },
   {
	"teks": " *Kyaaah.. Totemo kakkoī* ",
	"image": "https://1.bp.blogspot.com/-Jq6WY6--AgQ/X7vC2TUrYfI/AAAAAAAAUcs/wjJCs4P8xikrPBHespelJU_UKgQ0im1uwCNcBGAsYHQ/s600/yaoi.moment_94936841_599574753993725_430838709864019026_n.jpg"
   },
    {
	"teks": " *Kyaaah.. Totemo kakkoī* ",
	"image": "https://1.bp.blogspot.com/-SvGDk891I9I/X7vC2_AC-SI/AAAAAAAAUcw/r2xq9GEYRwQOgq6TmdbEuKli5tXSJSJ0QCNcBGAsYHQ/s600/yaoi.moment_95382005_595746527965337_5778463431179857798_n.jpg"
   },
   {
	"teks": " *Kyaaah.. Totemo kakkoī* ",
	"image": "https://1.bp.blogspot.com/-TzFkVEoRCsw/X7vC3Bs03VI/AAAAAAAAUc0/KIc0FNxykywVc-g8A8aXG2s0UZaS-sMvwCNcBGAsYHQ/s600/yaoi.moment_95860730_247259329845175_8359997194400704433_n.jpg"
   },
    {
	"teks": " *Kyaaah.. Totemo kakkoī* ",
	"image": "https://1.bp.blogspot.com/-4Deg3bxC6SM/X7vC3MI4fHI/AAAAAAAAUc4/y1_23l64-iscE9HmvGe-5HujvhX5PyHwwCNcBGAsYHQ/s600/yaoi.moment_95580761_228714875232243_564888606244480614_n.jpg"
   },
   {
	"teks": " *Kyaaah.. Totemo kakkoī* ",
	"image": "https://1.bp.blogspot.com/-TzFkVEoRCsw/X7vC3Bs03VI/AAAAAAAAUc0/KIc0FNxykywVc-g8A8aXG2s0UZaS-sMvwCNcBGAsYHQ/s600/yaoi.moment_95860730_247259329845175_8359997194400704433_n.jpg"
   },
    {
	"teks": " *Kyaaah.. Totemo kakkoī* ",
	"image": "https://1.bp.blogspot.com/-K7hdGA0FxjI/X7vC3YrO6fI/AAAAAAAAUc8/YRFssEKz71Y5I8osoFRZ_IyqvXWi5FR5wCNcBGAsYHQ/s600/yaoi.moment_96310006_784715125391446_8330738032517475389_n.jpg"
   },
   {
	"teks": " *Kyaaah.. Totemo kakkoī* ",
	"image": "https://1.bp.blogspot.com/-dppxmQLN5pg/X7vC312utgI/AAAAAAAAUdE/YoK4rqj_PSMA_niscy9lSsj8ot7mhQ67gCNcBGAsYHQ/s600/yaoi.moment_97130098_271406807332646_1530954447250579707_n.jpg"
   },
   {
	"teks": " *Kyaaah.. Totemo kakkoī* ",
	"image": "https://1.bp.blogspot.com/-AtHCOw-4LMQ/X7vC3gEryxI/AAAAAAAAUdA/W6eLPTf3NLYCPEj0nSsbPtibd7gabZoLwCNcBGAsYHQ/s600/yaoi.moment_97525697_244843906749709_2712063976015501549_n.jpg"
   },
   {
	"teks": " *Kyaaah.. Totemo kakkoī* ",
	"image": "https://1.bp.blogspot.com/-esgAFZIe-oY/X7vC4PFlDkI/AAAAAAAAUdI/wt1_-iwUG5wYaFZ5nDBJZb8a5IOwuyHjACNcBGAsYHQ/s600/yaoi.moment_97575404_238684960534749_1725269830518247419_n.jpg"
   },
    {
	"teks": " *Kyaaah.. Totemo kakkoī* ",
	"image": "https://1.bp.blogspot.com/-agE40H-C8O8/X7vC4Y35_KI/AAAAAAAAUdQ/voHMg2sLKfAqEiPlqhUxi8tJHG8GMSHHgCNcBGAsYHQ/s600/yaoi.moment_98282699_696768771139036_5882388807800279352_n.jpg"
   },
   {
	"teks": " *Kyaaah.. Totemo kakkoī* ",
	"image": "https://1.bp.blogspot.com/-wbgV4YdzvOs/X7vC4pwrcsI/AAAAAAAAUdU/Zq91gyefWMkynH0F_OyVOYHoG5ilwkpwgCNcBGAsYHQ/s600/yaoi.moment_99117125_178044360400509_9041900105109884865_n.jpg"
   },
    {
	"teks": " *Kyaaah.. Totemo kakkoī* ",
	"image": "https://1.bp.blogspot.com/-m9GKWcOzf0Y/X7vCUtrkR1I/AAAAAAAAUVM/5orjWFxdQXkYJsvyhAxpI1mPP9v1wiDRACNcBGAsYHQ/s600/yaoi.moment_100073725_536374550393138_2321304083903384065_n.jpg"
   },
   {
	"teks": " *Kyaaah.. Totemo kakkoī* ",
	"image": "https://1.bp.blogspot.com/-gQ-hZXENey0/X7vCUqFKOaI/AAAAAAAAUVI/S5ny1pyzngQ4eocbcwxytM-yqieOCQiOgCNcBGAsYHQ/s600/yaoi.moment_100088246_247087346601987_2245873895911540200_n.jpg"
   },
    {
	"teks": " *Kyaaah.. Totemo kakkoī* ",
	"image": "https://1.bp.blogspot.com/-GPM_UNyIsKo/X7vCUpASqeI/AAAAAAAAUVE/C5hXNksEJowhuTFFRgpeDjTC5q-Mmc5wACNcBGAsYHQ/s600/yaoi.moment_100090864_141862900768605_6938376354038226062_n.jpg"
   },
   {
	"teks": " *Kyaaah.. Totemo kakkoī* ",
	"image": "https://1.bp.blogspot.com/-OsjKqJsNnrQ/X7vCVTIR5GI/AAAAAAAAUVQ/DPqih7j1fy0tsC98wzqM5oBpN8iGar-tgCNcBGAsYHQ/s600/yaoi.moment_100945628_567419120868105_5093503464754960678_n.jpg"
   },
    {
	"teks": " *Kyaaah.. Totemo kakkoī* ",
	"image": "https://1.bp.blogspot.com/-eAq8_GwqJR8/X7vCVjzFg8I/AAAAAAAAUVY/ZUsXwsvnwMUmcrscjK22TRJ9CluYgJxygCNcBGAsYHQ/s600/yaoi.moment_101028650_667192073836294_8941395124829434406_n.jpg"
   },
   {
	"teks": " *Kyaaah.. Totemo kakkoī* ",
	"image": "https://1.bp.blogspot.com/-wD40a4yQd4U/X7vCVkc907I/AAAAAAAAUVU/EeZyCEZjQ1M3W-TygERVjJdv4iAYEDraACNcBGAsYHQ/s600/yaoi.moment_101266388_999137963834977_7967268165531156801_n.jpg"
   },
    {
	"teks": " *Kyaaah.. Totemo kakkoī* ",
	"image": "https://1.bp.blogspot.com/-KRi6JE0tBeY/X7vCWD3GRrI/AAAAAAAAUVc/7jSZ8uwvtYos5fI2lCCU9aOTfdbFnhVFgCNcBGAsYHQ/s600/yaoi.moment_101490484_183732716329763_7396521951180138466_n.jpg"
   },
   {
	"teks": " *Kyaaah.. Totemo kakkoī* ",
	"image": "https://1.bp.blogspot.com/-8DESBGuUFMA/X7vCWRLq5kI/AAAAAAAAUVg/ly0Y1Y69NckRNk-kGBN54hIaGkItjiBcQCNcBGAsYHQ/s600/yaoi.moment_101792526_200657054385250_2636205636444588286_n.jpg"
   },
    {
	"teks": " *Kyaaah.. Totemo kakkoī* ",
	"image": "https://1.bp.blogspot.com/-1rR7fm2BLAQ/X7vCWtDpq2I/AAAAAAAAUVk/lAuClRC2Qvgzb0CN6lMYjJnyGjWnAN3ZACNcBGAsYHQ/s600/yaoi.moment_102394845_1363089777221479_5887964292802407494_n.jpg"
   },
   {
	"teks": " *Kyaaah.. Totemo kakkoī* ",
	"image": "https://1.bp.blogspot.com/-gmUvdGKIcJ8/X7vCW8xkf2I/AAAAAAAAUVo/kGT6dOscL5YA_3jj-47hOAjeVE9MUJONwCNcBGAsYHQ/s600/yaoi.moment_103047966_280833366370518_1419554803741721546_n.jpg"
   },
   {
	"teks": " *Kyaaah.. Totemo kakkoī* ",
	"image": "https://1.bp.blogspot.com/-t_Ei3JzIIFw/X7vCXOxuIUI/AAAAAAAAUVs/NwCtHZP-DWkQOLhhD712_ZNqcp0_i8lawCNcBGAsYHQ/s600/yaoi.moment_103328427_1357485731128937_5452529128699196337_n.jpg"
   },
   {
	"teks": " *Kyaaah.. Totemo kakkoī* ",
	"image": "https://1.bp.blogspot.com/-bFfQDUn11m4/X7vCXFmpUII/AAAAAAAAUVw/0EtTAFBphnEfihPakNCA1PWGAfg8gc-WwCNcBGAsYHQ/s600/yaoi.moment_103385279_183014806486186_157344389618307762_n.jpg"
   },
    {
	"teks": " *Kyaaah.. Totemo kakkoī* ",
	"image": "https://1.bp.blogspot.com/-6pPW6CMm9jU/X7vCXuu_wxI/AAAAAAAAUV0/oZzCG0H325cuWJX03lbyJflh2DdaV6xKgCNcBGAsYHQ/s600/yaoi.moment_103535758_887469438323245_276685911601923641_n.jpg"
   },
   {
	"teks": " *Kyaaah.. Totemo kakkoī* ",
	"image": "https://1.bp.blogspot.com/-577_Fsb5qrc/X7vCX9lDlyI/AAAAAAAAUV4/KBnZI4juC0oqMani4QtCvOWtihEM-tSewCNcBGAsYHQ/s600/yaoi.moment_104182581_178557676965321_986355576733552573_n.jpg"
   },
    {
	"teks": " *Kyaaah.. Totemo kakkoī* ",
	"image": "https://1.bp.blogspot.com/-IwUwRi90fx8/X7vCXzNCQDI/AAAAAAAAUV8/IYZAhGq_AZ43DevdEH5woUvlkM2WET4RwCNcBGAsYHQ/s600/yaoi.moment_104719247_159275652344186_623551356895608451_n.jpg"
   },
   {
	"teks": " *Kyaaah.. Totemo kakkoī* ",
	"image": "https://1.bp.blogspot.com/-tvku7pmIZbM/X7vCYSW_Y3I/AAAAAAAAUWA/94GP-Ns6d2IIB_IDxqacv9ST1r6hjAD3QCNcBGAsYHQ/s600/yaoi.moment_105284111_153022579670526_1199741720952697349_n.jpg"
   },
    {
	"teks": " *Kyaaah.. Totemo kakkoī* ",
	"image": "https://1.bp.blogspot.com/-BA8ZuDp1F8k/X7vCY0jqqNI/AAAAAAAAUWE/UU4ndpcnzaA83WsMZmtzUhPJ4Pu401F_gCNcBGAsYHQ/s600/yaoi.moment_105948951_155153776069539_2993571873125152004_n.jpg"
   },
   {
	"teks": " *Kyaaah.. Totemo kakkoī* ",
	"image": "https://1.bp.blogspot.com/-UruQOVSLrtk/X7vCZL0_yiI/AAAAAAAAUWI/dP4jUfQBsNwVc60Lh5wsZ2I2WgDC1qgagCNcBGAsYHQ/s600/yaoi.moment_106035216_1132886827079349_7085642454498319503_n.jpg"
   },
    {
	"teks": " *Kyaaah.. Totemo kakkoī* ",
	"image": "https://1.bp.blogspot.com/-I3-SHXvJ5pM/X7vCZK3p-YI/AAAAAAAAUWM/tIi0rMxr_1MrewNTX11vvZKz3I6Ar57oQCNcBGAsYHQ/s600/yaoi.moment_106507432_275987500333635_2023352109645824542_n.jpg"
   },
   {
	"teks": " *Kyaaah.. Totemo kakkoī* ",
	"image": "https://1.bp.blogspot.com/-Ai7DbPLttv4/X7vCZqPsUnI/AAAAAAAAUWU/3n8LsOrGJzIn_BIT9dJAa7n3uzbDwO79wCNcBGAsYHQ/s600/yaoi.moment_106813368_285827749497125_6621196174318100108_n.jpg"
   },
    {
	"teks": " *Kyaaah.. Totemo kakkoī* ",
	"image": "https://1.bp.blogspot.com/-8RdpOnSJSsU/X7vCZmYzmTI/AAAAAAAAUWQ/8aBnSo_jlgUyok42xGFa1OrP9szPUg7-QCNcBGAsYHQ/s600/yaoi.moment_106571962_578039156193555_4962088517624090708_n.jpg"
   },
   {
	"teks": " *Kyaaah.. Totemo kakkoī* ",
	"image": "https://1.bp.blogspot.com/-PsAO0Xw76sQ/X7vCZxlPK2I/AAAAAAAAUWY/zO5t0zZ6avUR8bpf7t4DBDWMIHIoL8UaQCNcBGAsYHQ/s600/yaoi.moment_107563204_626430334686733_7593269262965517252_n.jpg"
   },
    {
	"teks": " *Kyaaah.. Totemo kakkoī* ",
	"image": "https://1.bp.blogspot.com/-rPn3DGbVT0Q/X7vCaSrfP6I/AAAAAAAAUWc/4lKUFHNC-bkyUVuTuaDyiOq0LkNOSGAYQCNcBGAsYHQ/s600/yaoi.moment_107963382_568481543836725_6488919124084091107_n.jpg"
   },
   {
	"teks": " *Kyaaah.. Totemo kakkoī* ",
	"image": "https://1.bp.blogspot.com/-H0OKEUkBy-4/X7vCanWB9uI/AAAAAAAAUWg/ue-HX8L_UOQtpqI973mE5uRU8DrCWZF-wCNcBGAsYHQ/s600/yaoi.moment_109210399_185682826246707_7290055505677903972_n.jpg"
   },
   {
	"teks": " *Kyaaah.. Totemo kakkoī* ",
	"image": "https://1.bp.blogspot.com/-jVh_1ctbztg/X7vCarqplkI/AAAAAAAAUWk/8S_73F5MakgB-EaXxUQ4tDuTP47EoaixACNcBGAsYHQ/s600/yaoi.moment_110953134_1171984729842124_7950385819324326210_n.jpg"
   },
   {
	"teks": " *Kyaaah.. Totemo kakkoī* ",
	"image": "https://1.bp.blogspot.com/-vVJMpCPZuEw/X7vCbvTv7QI/AAAAAAAAUWo/YKFu_80858M2wCSvp1YPqg_A9OuKwPKfwCNcBGAsYHQ/s600/yaoi.moment_115704548_149118770142333_5530154385829523624_n.jpg"
   },
    {
	"teks": " *Kyaaah.. Totemo kakkoī* ",
	"image": "https://1.bp.blogspot.com/-2AWF45D5z8s/X7vCbzkYLfI/AAAAAAAAUWs/I1Tmanaq9kozp_mFOqRABzGNotajNSaFACNcBGAsYHQ/s600/yaoi.moment_116002202_142099180888035_204335226126738158_n.jpg"
   },
   {
	"teks": " *Kyaaah.. Totemo kakkoī* ",
	"image": "https://1.bp.blogspot.com/-_vljSBvBcRU/X7vCcDqtHzI/AAAAAAAAUWw/_B-VJT-ucWEIcn1D7NHpViFWavxU2Xg8ACNcBGAsYHQ/s600/yaoi.moment_116293722_280520819901523_6334924833953901883_n.jpg"
   },
    {
	"teks": " *Kyaaah.. Totemo kakkoī* ",
	"image": "https://1.bp.blogspot.com/-I7MIZz7nAew/X7vCcUHBM7I/AAAAAAAAUW0/9ZJN8dllPiwmkWaeSQbgCbKrNVk_dIlWgCNcBGAsYHQ/s600/yaoi.moment_116428826_1825947624214420_7934383274187655779_n.jpg"
   },
   {
	"teks": " *Kyaaah.. Totemo kakkoī* ",
	"image": "https://1.bp.blogspot.com/-otrRlMbk-ks/X7vCcg_jL8I/AAAAAAAAUW4/IW4TicJ_3hoa5YGvBBpSHAj1NS_F_g5XwCNcBGAsYHQ/s600/yaoi.moment_117217789_127572722079165_6826493399866332148_n.jpg"
   },
    {
	"teks": " *Kyaaah.. Totemo kakkoī* ",
	"image": "https://1.bp.blogspot.com/-g5JkEzChou8/X7vCc31cYJI/AAAAAAAAUW8/qsqzwX4YP2gNjLfMg9WJWutXsWGZNcT8wCNcBGAsYHQ/s600/yaoi.moment_117319719_581129966097249_4028508882678083164_n.jpg"
   },
   {
	"teks": " *Kyaaah.. Totemo kakkoī* ",
	"image": "https://1.bp.blogspot.com/-VgBKkrzX9Gg/X7vCdF3pneI/AAAAAAAAUXA/y10oBlm8oeYzmi5Rah4bywON07J6pesGQCNcBGAsYHQ/s600/yaoi.moment_117413975_878697665989729_4447375177646407679_n.jpg"
   },
    {
	"teks": " *Kyaaah.. Totemo kakkoī* ",
	"image": "https://1.bp.blogspot.com/-Quq_i_yGgps/X7vCdC_JCGI/AAAAAAAAUXE/N29xAZ5OsWg3CcL2U28q2Q7xkTDgJTLggCNcBGAsYHQ/s600/yaoi.moment_117611308_323074395407194_1908742260830731847_n.jpg"
   },
   {
	"teks": " *Kyaaah.. Totemo kakkoī* ",
	"image": "https://1.bp.blogspot.com/-z9it3X8EwxI/X7vCdaYZ5eI/AAAAAAAAUXI/X67lR2HEVvQv9T4cVVr5iODm-xaYurjMwCNcBGAsYHQ/s600/yaoi.moment_117663643_314667076417590_1340064981068708158_n.jpg"
   },
    {
	"teks": " *Kyaaah.. Totemo kakkoī* ",
	"image": "https://1.bp.blogspot.com/-kEtiGVx-D1k/X7vCdgB7rbI/AAAAAAAAUXM/kcjmDCoIMGYMfe0eCAaZnSSgjZFnB7G2wCNcBGAsYHQ/s600/yaoi.moment_117726077_967588786987779_4806225683023997370_n.jpg"
   },
   {
	"teks": " *Kyaaah.. Totemo kakkoī* ",
	"image": "https://1.bp.blogspot.com/-M7KXvFgRFx0/X7vCd_CaNKI/AAAAAAAAUXQ/JI50ZaIR4CgKdFR8-brW5TzyKfJKlX-wgCNcBGAsYHQ/s600/yaoi.moment_118848423_120946032840068_3631368388890096858_n.jpg"
   },
    {
	"teks": " *Kyaaah.. Totemo kakkoī* ",
	"image": "https://1.bp.blogspot.com/-TPZc7-iqk6k/X7vCeKs8BFI/AAAAAAAAUXU/Sd88oxyTFfcF8JhW_hOeZvL6wVxWbRkGgCNcBGAsYHQ/s600/yaoi.moment_119466218_165592531825240_8121319926899631231_n.jpg"
   },
   {
	"teks": " *Kyaaah.. Totemo kakkoī* ",
	"image": "https://1.bp.blogspot.com/-W8tV2iV6HKs/X7vCedYmzPI/AAAAAAAAUXY/YnNDQZm7xQUNm3OKXqLrQLi3bNomrFLmwCNcBGAsYHQ/s600/yaoi.moment_119739516_175475197476032_7996407534676167702_n.jpg"
   },
   {
	"teks": " *Kyaaah.. Totemo kakkoī* ",
	"image": "https://1.bp.blogspot.com/-JLaT02rYD3I/X7vCetWtGxI/AAAAAAAAUXc/TOSfdXi8unAf8mjqgWo-aTAyxmAJDzPswCNcBGAsYHQ/s600/yaoi.moment_119935916_169256561417494_7739100946078257016_n.jpg"
   },
   {
	"teks": " *Kyaaah.. Totemo kakkoī* ",
	"image": "https://1.bp.blogspot.com/-k7KKGtbuYtY/X7vCfdZen4I/AAAAAAAAUXg/gwdQIzpR55YcI_hLimt-771DKIdX9lpPwCNcBGAsYHQ/s600/yaoi.moment_120174303_254791349117203_1879436991852673645_n.jpg"
   },
    {
	"teks": " *Kyaaah.. Totemo kakkoī* ",
	"image": "https://1.bp.blogspot.com/-FGVLA6W7ciA/X7vCfQrDrKI/AAAAAAAAUXk/aFElIkCjh_44Uvi94QmnOOwIzdtde4vRACNcBGAsYHQ/s600/yaoi.moment_120180958_639844173398508_4917868447805302543_n.jpg"
   },
   {
	"teks": " *Kyaaah.. Totemo kakkoī* ",
	"image": "https://1.bp.blogspot.com/-yzTIoMiIYb4/X7vCgDg5MWI/AAAAAAAAUXo/8eH07qoMP0QsXTZdT7Y3OgUDEJYyH-FxgCNcBGAsYHQ/s600/yaoi.moment_120199830_159980819091937_6568691257107011194_n.jpg"
   },
    {
	"teks": " *Kyaaah.. Totemo kakkoī* ",
	"image": "https://1.bp.blogspot.com/-F8nJ5jkg0l4/X7vCgfAopZI/AAAAAAAAUXw/OFSXmncrjhwu7JrxNpF67NnMQ4qh1m0GgCNcBGAsYHQ/s600/yaoi.moment_120823255_331450731286488_2501708027227490296_n.jpg"
   },
   {
	"teks": " *Kyaaah.. Totemo kakkoī* ",
	"image": "https://1.bp.blogspot.com/-JHESVK4EqFo/X7vCgaQansI/AAAAAAAAUXs/y-_Jh_yFtac5939GOxALGRvVoFMyV-3YACNcBGAsYHQ/s600/yaoi.moment_121138042_782841062555166_437365756513567925_n.jpg"
   },
    {
	"teks": " *Kyaaah.. Totemo kakkoī* ",
	"image": "https://1.bp.blogspot.com/-hGNKPEzwj6k/X7vChNHnFdI/AAAAAAAAUX0/Iuhx90yYT-gXtCh410vNJcmUHFEQYaTzgCNcBGAsYHQ/s600/yaoi.moment_121202794_2746641792260732_57786573439109170_n.jpg"
   },
   {
	"teks": " *Kyaaah.. Totemo kakkoī* ",
	"image": "https://1.bp.blogspot.com/-exDRiAabS04/X7vChV1m6pI/AAAAAAAAUX4/Z99ij_2rG5UZtQWLepPMnlqaJ2wWJUMpgCNcBGAsYHQ/s600/yaoi.moment_121536378_187991616131018_5029835613384142920_n.jpg"
   },
    {
	"teks": " *Kyaaah.. Totemo kakkoī* ",
	"image": "https://1.bp.blogspot.com/-7nZfJ00ColY/X7vChzQY8JI/AAAAAAAAUYA/N3nSm9OzKGo9saRBBeQO9zeFZID1KcnhACNcBGAsYHQ/s600/yaoi.moment_121966393_283971775986958_593225680762617149_n.jpg"
   },
   {
	"teks": " *Kyaaah.. Totemo kakkoī* ",
	"image": "https://1.bp.blogspot.com/-PFnSBQkrCzo/X7vCi1F7xFI/AAAAAAAAUYM/sA66NXvISkckG1rcpq_TyWmtWzBrIaTRACNcBGAsYHQ/s600/yaoi.moment_122586990_197681755258506_4877863788918858956_n.jpg"
   },
    {
	"teks": " *Kyaaah.. Totemo kakkoī* ",
	"image": "https://1.bp.blogspot.com/-PHXrhAfO618/X7vCiYrh2GI/AAAAAAAAUYE/ZLFV8Gb1IvYp3U5MfjGNoXJ1KYKQT7huQCNcBGAsYHQ/s600/yaoi.moment_122386487_287042849031409_4170609513197994945_n.jpg"
   },
   {
	"teks": " *Kyaaah.. Totemo kakkoī* ",
	"image": "https://1.bp.blogspot.com/-S9uxI_oyTAA/X7vCizdD2XI/AAAAAAAAUYI/q3FPuKjMn-oYOnZVDLLFJMTs1qFmqzh5ACNcBGAsYHQ/s600/yaoi.moment_123120108_800986177415052_450848700446200953_n.jpg"
   },
    {
	"teks": " *Kyaaah.. Totemo kakkoī* ",
	"image": "https://1.bp.blogspot.com/-zrZxIgtnLfA/X7vCjf5ZF1I/AAAAAAAAUYQ/F2Qis3HOOF8dFgyxiWI3k5142mSHg8xkACNcBGAsYHQ/s600/yaoi.moment_123218144_181613190108850_2177509369597563354_n.jpg"
   },
   {
	"teks": " *Kyaaah.. Totemo kakkoī* ",
	"image": "https://1.bp.blogspot.com/-QEHYoQ3B8IM/X7vCjdf8pGI/AAAAAAAAUYU/CE-KSxYqdiM6N07WQ933Gj2Aa9HLLBNagCNcBGAsYHQ/s600/yaoi.moment_123488642_637633160241034_2239355039644719035_n.jpg"
   },
   {
	"teks": " *Kyaaah.. Totemo kakkoī* ",
	"image": "https://1.bp.blogspot.com/-YAauZpb79lI/X7vCjnGi6_I/AAAAAAAAUYY/bjGEYYza630-caCvbcc-a1bocNJYxN2xACNcBGAsYHQ/s600/yaoi.moment_124676983_2747693025558151_1527739056505860871_n.jpg"
   },
   {
	"teks": " *Kyaaah.. Totemo kakkoī* ",
	"image": "https://1.bp.blogspot.com/-V0Lt9up4rlM/X7vCkOH5hLI/AAAAAAAAUYc/2ZE0dBJGRzsidIu70JgGnF330Buc3eN5gCNcBGAsYHQ/s600/yaoi.moment_124928852_407313740396243_7052739019753838792_n.jpg"
   },
    {
	"teks": " *Kyaaah.. Totemo kakkoī* ",
	"image": "https://1.bp.blogspot.com/-0CbHfB7O3Ls/X7vC4w_2peI/AAAAAAAAUdY/4CABUmFvOWUcT1VZEIsLzBu9OJQlZ6zsQCNcBGAsYHQ/s600/yaoi_all.night_110879521_151759216537442_2917193609062218222_n.jpg"
   },
   {
	"teks": " *Kyaaah.. Totemo kakkoī* ",
	"image": "https://1.bp.blogspot.com/-hla6oaEl0UA/X7vC5c94xqI/AAAAAAAAUdc/MEyvQHlnzpMjMwCFUzvlphskGNuRIP6AgCNcBGAsYHQ/s600/yaoi_all.night_116368434_293741731735164_8412731956589853903_n.jpg"
   },
    {
	"teks": " *Kyaaah.. Totemo kakkoī* ",
	"image": "https://1.bp.blogspot.com/-M2K9iqk2Dr4/X7vC5qUpweI/AAAAAAAAUdg/CyVKsQ3ZXwMZB2Rc2D7g47nN6ue5r913gCNcBGAsYHQ/s600/yaoi_all.night_117251242_719775795255088_8742441456146221429_n.jpg"
   },
   {
	"teks": " *Kyaaah.. Totemo kakkoī* ",
	"image": "https://1.bp.blogspot.com/-mH3C-W9nW_o/X7vC52Kq7EI/AAAAAAAAUdo/SPcDlMgINCMhwtvRaD3XCC1On5g4_GQwACNcBGAsYHQ/s600/yaoi_all.night_117271270_2821828548061390_2322009886304045210_n.jpg"
   },
    {
	"teks": " *Kyaaah.. Totemo kakkoī* ",
	"image": "https://1.bp.blogspot.com/-gl2G-Z1o0Ss/X7vC6UHbsxI/AAAAAAAAUds/3CMPyn9vOEkmj_P0odoIfZTRrY3h6XQSQCNcBGAsYHQ/s600/yaoi_all.night_117592860_301598597838196_6644900740686131926_n.jpg"
   },
   {
	"teks": " *Kyaaah.. Totemo kakkoī* ",
	"image": "https://1.bp.blogspot.com/-I_N3pnwUPUo/X7vC6byGz7I/AAAAAAAAUdw/Qbumx8A_9qYq4_SAAoM5K4Xboy2LFHWWACNcBGAsYHQ/s600/yaoi_all.night_117889049_2652289178364150_8170060490672487416_n.jpg"
   },
    {
	"teks": " *Kyaaah.. Totemo kakkoī* ",
	"image": "https://1.bp.blogspot.com/-3SBzOtITKDo/X7vC6uJPEdI/AAAAAAAAUd0/0A_B7piKcYYeaikIaDIH3NBFKpW54i2NwCNcBGAsYHQ/s600/yaoi_all.night_118232111_610211503024064_5680088489509842394_n.jpg"
   },
   {
	"teks": " *Kyaaah.. Totemo kakkoī* ",
	"image": "https://1.bp.blogspot.com/-7VkH0NzsKDM/X7vC62r9T7I/AAAAAAAAUd4/jqlHY0ZSqOsMP8v7mU6OG49u5aBSbIRNQCNcBGAsYHQ/s600/yaoi_all.night_118560335_2618895941694319_9094559825839351367_n.jpg"
   },
    {
	"teks": " *Kyaaah.. Totemo kakkoī* ",
	"image": "https://1.bp.blogspot.com/-G-2UQ5rsybg/X7vC7JNLffI/AAAAAAAAUd8/rcrAIzjzcVsjNu3v-5LWCQrTI6w9vn_ZQCNcBGAsYHQ/s600/yaoi_all.night_118561988_712856815978331_3846503926712783104_n.jpg"
   },
   {
	"teks": " *Kyaaah.. Totemo kakkoī* ",
	"image": "https://1.bp.blogspot.com/-xooZ6pOzJFg/X7vC7Tq7-9I/AAAAAAAAUeA/t8Ks2m0vQDogIgzbUB9A6jvUvZ0oiMACwCNcBGAsYHQ/s600/yaoi_all.night_118811450_679280309348316_3859070467993616944_n.jpg"
   },
    {
	"teks": " *Kyaaah.. Totemo kakkoī* ",
	"image": "https://1.bp.blogspot.com/-MtLk2uhFkYE/X7vC7fSBwdI/AAAAAAAAUeE/M2Mw9eXC8VURwPu-0k__wN8vrQEX8OjrgCNcBGAsYHQ/s600/yaoi_all.night_118818252_1601440986702048_2908673420152014907_n.jpg"
   },
   {
	"teks": " *Kyaaah.. Totemo kakkoī* ",
	"image": "https://1.bp.blogspot.com/-MtLk2uhFkYE/X7vC7fSBwdI/AAAAAAAAUeE/M2Mw9eXC8VURwPu-0k__wN8vrQEX8OjrgCNcBGAsYHQ/s600/yaoi_all.night_118818252_1601440986702048_2908673420152014907_n.jpg"
   },
   {
	"teks": " *Kyaaah.. Totemo kakkoī* ",
	"image": "https://1.bp.blogspot.com/-ZOnmClpsIxA/X7vC7ym2XBI/AAAAAAAAUeM/pfO_gp3pw-QsDl-RPeoVdalW-4tN1197QCNcBGAsYHQ/s600/yaoi_all.night_118832289_375905133404835_8920238638372973831_n.jpg"
   },
   {
	"teks": " *Kyaaah.. Totemo kakkoī* ",
	"image": "https://1.bp.blogspot.com/-NHtZm1vMvUM/X7vC72sEcvI/AAAAAAAAUeI/t46o49fFzSsF_t7-KZ6xxKsuJqKcX0ZpgCNcBGAsYHQ/s600/yaoi_all.night_118855686_326016628720682_6011562101602927178_n.jpg"
   },
    {
	"teks": " *Kyaaah.. Totemo kakkoī* ",
	"image": "https://1.bp.blogspot.com/-LxTXIzqNT4E/X7vC8FtW6cI/AAAAAAAAUeQ/rdgDKh7dYfo_4NYuB67ujGNRn-pGFYHWgCNcBGAsYHQ/s600/yaoi_all.night_118963466_134184481714325_7752017783241281057_n.jpg"
   },
   {
	"teks": " *Kyaaah.. Totemo kakkoī* ",
	"image": "https://1.bp.blogspot.com/-f8Cdv-zQ-GM/X7vC8j4R-mI/AAAAAAAAUeU/YYX234ReKK8L2H5r07fZ9Bt7IZPOfYo4ACNcBGAsYHQ/s600/yaoi_all.night_119044495_3468733809859073_3628055740819695896_n.jpg"
   },
    {
	"teks": " *Kyaaah.. Totemo kakkoī* ",
	"image": "https://1.bp.blogspot.com/-ia3YIwfhtDo/X7vC85gUSCI/AAAAAAAAUeY/r8ApS2OYSMksVCJnls2bAuBAG5AnrOzGgCNcBGAsYHQ/s600/yaoi_all.night_119047741_4930435296981873_1671786065966794580_n.jpg"
   },
   {
	"teks": " *Kyaaah.. Totemo kakkoī* ",
	"image": "https://1.bp.blogspot.com/-eDfaml354E4/X7vC9GQK99I/AAAAAAAAUeg/qEo739s60FIiFjT5xI2E-HUvi49YoiuPwCNcBGAsYHQ/s600/yaoi_all.night_119169953_623332645219280_7413993465216845620_n.jpg"
   },
    {
	"teks": " *Kyaaah.. Totemo kakkoī* ",
	"image": "https://1.bp.blogspot.com/-n_D4NK7uUk4/X7vC9rH1xNI/AAAAAAAAUek/Ez4tTwXCeC4eAHVY0hjMEyeI81yZrfZSQCNcBGAsYHQ/s600/yaoi_all.night_119213032_123162279510860_5515903816972204537_n.jpg"
   },
   {
	"teks": " *Kyaaah.. Totemo kakkoī* ",
	"image": "https://1.bp.blogspot.com/-FtEKrU0YvUw/X7vC97BKNAI/AAAAAAAAUeo/1Ia_c18N8osxfAwl7jZ9T_RcCjiwaLVugCNcBGAsYHQ/s600/yaoi_all.night_119213341_165437578508099_7728291905067378378_n.jpg"
   },
    {
	"teks": " *Kyaaah.. Totemo kakkoī* ",
	"image": "https://1.bp.blogspot.com/-cfy_z5jnltw/X7vC-DtcQ7I/AAAAAAAAUes/BToiCe_ZEgcw0zJ4zDe2Ucxvs-h3LC7ewCNcBGAsYHQ/s600/yaoi_all.night_119222778_321907442460115_2353195829117987471_n.jpg"
   },
   {
	"teks": " *Kyaaah.. Totemo kakkoī* ",
	"image": "https://1.bp.blogspot.com/-ZjRskN0Dp04/X7vC-WwUZmI/AAAAAAAAUew/OpbXBJKai1cKC_wseVcX8A8Nu0Nsg3ZjwCNcBGAsYHQ/s600/yaoi_all.night_119232727_796402604260749_3695511437395036298_n.jpg"
   },
    {
	"teks": " *Kyaaah.. Totemo kakkoī* ",
	"image": "https://1.bp.blogspot.com/-cgOd2EbCx6w/X7vC-pH-iBI/AAAAAAAAUe0/GbGI2Tk0Ckcb68aDWuHvpLusikKHuudhACNcBGAsYHQ/s600/yaoi_all.night_119239443_316603472896554_6994625482045523596_n.jpg"
   },
   {
	"teks": " *Kyaaah.. Totemo kakkoī* ",
	"image": "https://1.bp.blogspot.com/-c9_t-_mC7S4/X7vC-rbK0eI/AAAAAAAAUe4/XgBL5ihOc6Ayr7ytzioLmzUcdN4h3NDegCNcBGAsYHQ/s600/yaoi_all.night_119239839_766584723908568_2069175097740858468_n.jpg"
   },
    {
	"teks": " *Kyaaah.. Totemo kakkoī* ",
	"image": "https://1.bp.blogspot.com/-tiAU9yNTHnM/X7vC_Be9DiI/AAAAAAAAUe8/d6z-qnQuq8kidtwUe3BIahR0pUt8o_WCgCNcBGAsYHQ/s600/yaoi_all.night_119243833_4297168043688683_8083144214567043646_n.jpg"
   },
   {
	"teks": " *Kyaaah.. Totemo kakkoī* ",
	"image": "https://1.bp.blogspot.com/-t1kBDZJ2K_8/X7vC_RsE2AI/AAAAAAAAUfA/yEL5DMPNBm0ugkGYK5PspZo7UodgT0uNgCNcBGAsYHQ/s600/yaoi_all.night_119448749_1390040297866214_193075690800912575_n.jpg"
   },
   {
	"teks": " *Kyaaah.. Totemo kakkoī* ",
	"image": "https://1.bp.blogspot.com/-lLwjIw_uw7M/X7vC_jEEjKI/AAAAAAAAUfE/FpkOe-4imTs48Ix-stVVdxan-8evFBqYQCNcBGAsYHQ/s600/yaoi_all.night_119459542_642081736440921_2691856934456012918_n.jpg"
   },
   {
	"teks": " *Kyaaah.. Totemo kakkoī* ",
	"image": "https://1.bp.blogspot.com/-sEAZgGBWxg8/X7vC_5T94yI/AAAAAAAAUfI/ozLqpkHxfz4zxE2UXDMF5GiPOIsoGXIRACNcBGAsYHQ/s600/yaoi_all.night_119573257_417882559181902_1759205037800779522_n.jpg"
   },
    {
	"teks": " *Kyaaah.. Totemo kakkoī* ",
	"image": "https://1.bp.blogspot.com/-YMQ8RDG_YVA/X7vDAJweepI/AAAAAAAAUfQ/YscRmCWvBOID9ugivQqswc0xD5Bg-F4ZACNcBGAsYHQ/s600/yaoi_all.night_119642885_1045210902601430_5167978790197118623_n.jpg"
   },
   {
	"teks": " *Kyaaah.. Totemo kakkoī* ",
	"image": "https://1.bp.blogspot.com/-YMQ8RDG_YVA/X7vDAJweepI/AAAAAAAAUfQ/YscRmCWvBOID9ugivQqswc0xD5Bg-F4ZACNcBGAsYHQ/s600/yaoi_all.night_119642885_1045210902601430_5167978790197118623_n.jpg"
   },
    {
	"teks": " *Kyaaah.. Totemo kakkoī* ",
	"image": "https://1.bp.blogspot.com/-Tc5BnOKWX3o/X7vDAuT0WLI/AAAAAAAAUfU/SK0uqoYE2ZA5MxRslG7yv4ulDneFtwJfACNcBGAsYHQ/s600/yaoi_all.night_119690809_370386720986283_482703696004023647_n.jpg"
   },
   {
	"teks": " *Kyaaah.. Totemo kakkoī* ",
	"image": "https://1.bp.blogspot.com/-9VGtGKbi14g/X7vDAqDlIcI/AAAAAAAAUfY/Dt4GL1UEH4sniC1FvEbYP_KR_8zCTCvvwCNcBGAsYHQ/s600/yaoi_all.night_119784591_3558186494227519_2051187192363826717_n.jpg"
   },
    {
	"teks": " *Kyaaah.. Totemo kakkoī* ",
	"image": "https://1.bp.blogspot.com/-XGrb5jxt1Ak/X7vDBP3dPTI/AAAAAAAAUfc/9hxOHe07fzMSfuLqYD_Q5JAY1QIRA3wAQCNcBGAsYHQ/s600/yaoi_all.night_119800355_715938142292640_6369053250371436998_n.jpg"
   },
   {
	"teks": " *Kyaaah.. Totemo kakkoī* ",
	"image": "https://1.bp.blogspot.com/-qZXNhxKTXRk/X7vDBRt2VPI/AAAAAAAAUfg/U5wVcL3x3DgKJvwKAPtQA5psWqSY9BYWACNcBGAsYHQ/s600/yaoi_all.night_119849778_1198327377209584_479123169611377532_n.jpg"
   },
    {
	"teks": " *Kyaaah.. Totemo kakkoī* ",
	"image": "https://1.bp.blogspot.com/-rE_FIAz3eZY/X7vDBuKgCkI/AAAAAAAAUfk/iijq54FL6_0_bA8KD0QZSSTF7C01wef5gCNcBGAsYHQ/s600/yaoi_all.night_119951165_324215802192561_7427459996574455886_n.jpg"
   },
   {
	"teks": " *Kyaaah.. Totemo kakkoī* ",
	"image": "https://1.bp.blogspot.com/-cRbMwD7autY/X7vDBkYQnqI/AAAAAAAAUfo/pD0-Ee27EbENYjJ3a1OY-dEu0o2vE3YsACNcBGAsYHQ/s600/yaoi_all.night_119980064_766886177186907_822034342794984043_n.jpg"
   },
    {
	"teks": " *Kyaaah.. Totemo kakkoī* ",
	"image": "https://1.bp.blogspot.com/-tKDnorlZaSI/X7vDCE_fYvI/AAAAAAAAUfs/-QolKAHqVAsxSGkZhozSVHnC5gXsvOjRACNcBGAsYHQ/s600/yaoi_all.night_119981745_367936831075433_8322691136678366539_n.jpg"
   },
   {
	"teks": " *Kyaaah.. Totemo kakkoī* ",
	"image": "https://1.bp.blogspot.com/-LF9n9VXjUPk/X7vDCVjwoLI/AAAAAAAAUfw/ylxUN5_Z6ZM0KmUumVtpGYeEu4rL6j8cACNcBGAsYHQ/s600/yaoi_all.night_119994820_727663894632646_7399658943425731036_n.jpg"
   },
    {
	"teks": " *Kyaaah.. Totemo kakkoī* ",
	"image": "https://1.bp.blogspot.com/-k8OvzcVUKWE/X7vDCYSyP1I/AAAAAAAAUf0/oMuxwlkmyIg1voVTMzk_gOk5QugSjk0OACNcBGAsYHQ/s600/yaoi_all.night_120048338_2002824736516725_2109007434502643881_n.jpg"
   },
   {
	"teks": " *Kyaaah.. Totemo kakkoī* ",
	"image": "https://1.bp.blogspot.com/-5Acef3WPKtM/X7vDCw5jwNI/AAAAAAAAUf4/Fb-cU5uw1TsrYNy1TEB-7A7YXXrWVHK2gCNcBGAsYHQ/s600/yaoi_all.night_120137736_335419687529725_1792484094193750445_n.jpg"
   },
   {
	"teks": " *Kyaaah.. Totemo kakkoī* ",
	"image": "https://1.bp.blogspot.com/-tMkpuqFFKQ0/X7vDDFGtojI/AAAAAAAAUf8/UzIOlo4hGHYzC-sqGd-I8PoO7DqKON7VACNcBGAsYHQ/s600/yaoi_all.night_120175380_125178939056445_5229645764290387396_n.jpg"
   },
   {
	"teks": " *Kyaaah.. Totemo kakkoī* ",
	"image": "https://1.bp.blogspot.com/-iuYS9vTR4v4/X7vDDEvi9MI/AAAAAAAAUgA/gAi26ucQSSMz1GiPPvRF7a3Md98Ijc4XACNcBGAsYHQ/s600/yaoi_all.night_120197890_211634066970245_8787436944971614054_n.jpg"
   },
    {
	"teks": " *Kyaaah.. Totemo kakkoī* ",
	"image": "https://1.bp.blogspot.com/-2ltL7jamQHY/X7vDDUJvKXI/AAAAAAAAUgE/adAiKEXZ3FgTS4FR9OvtaWUuKTUBSaxMQCNcBGAsYHQ/s600/yaoi_all.night_120198942_1237106523323524_2183275583273531612_n.jpg"
   },
   {
	"teks": " *Kyaaah.. Totemo kakkoī* ",
	"image": "https://1.bp.blogspot.com/-ae20jCYU9UM/X7vDDs-frWI/AAAAAAAAUgI/hWz6oBLc5KA64BG_ZwkNlQhttlYBRHHOQCNcBGAsYHQ/s600/yaoi_all.night_120199194_600034577359975_2143797994946386969_n.jpg"
   },
    {
	"teks": " *Kyaaah.. Totemo kakkoī* ",
	"image": "https://1.bp.blogspot.com/-1cT6IuIv3v4/X7vDEACgzMI/AAAAAAAAUgY/wSK20eI9PLEL0Bvtcm-6iUD9yNE0ppejgCNcBGAsYHQ/s600/yaoi_all.night_120221713_355736228875869_2221353274873642760_n.jpg"
   },
   {
	"teks": " *Kyaaah.. Totemo kakkoī* ",
	"image": "https://1.bp.blogspot.com/-TqOJeVJ3Pes/X7vDEJuqd1I/AAAAAAAAUgU/rdGl42UxWoctDtVhgj5jVUpg5_YJA2rkwCNcBGAsYHQ/s600/yaoi_all.night_120278047_1684261348409274_8633456706671834065_n.jpg"
   },
    {
	"teks": " *Kyaaah.. Totemo kakkoī* ",
	"image": "https://1.bp.blogspot.com/-nGg4o-Y3GvY/X7vDEny-pMI/AAAAAAAAUgc/eD8QzCGRsPIDXUNYPHDT5yucjg2MlYkuQCNcBGAsYHQ/s600/yaoi_all.night_120281490_331655711473438_9093726312651094374_n.jpg"
   },
   {
	"teks": " *Kyaaah.. Totemo kakkoī* ",
	"image": "https://1.bp.blogspot.com/-ZNAKgX5bAW0/X7vDErRoBKI/AAAAAAAAUgg/PcaP7GNidAo0_iQ9BeQBx8n9qlsnXR6hwCNcBGAsYHQ/s600/yaoi_all.night_120339329_3035728033203847_4829163046924655447_n.jpg"
   },
    {
	"teks": " *Kyaaah.. Totemo kakkoī* ",
	"image": "https://1.bp.blogspot.com/-HwdLr6J51G0/X7vDE3c4WmI/AAAAAAAAUgk/IQWVElUmjJI0HNElRAch_WuU1E3sJ50BwCNcBGAsYHQ/s600/yaoi_all.night_120347462_2568695626755913_6209751907142426073_n.jpg"
   },
   {
	"teks": " *Kyaaah.. Totemo kakkoī* ",
	"image": "https://1.bp.blogspot.com/-zm9DI3vAKdo/X7vDFGwsywI/AAAAAAAAUgo/nQ38p6cWJaoU4i48crMEutzpDeUfzcDMgCNcBGAsYHQ/s600/yaoi_all.night_120354366_193615348828026_3774638900476465939_n.jpg"
   },
    {
	"teks": " *Kyaaah.. Totemo kakkoī* ",
	"image": "https://1.bp.blogspot.com/-i09fiLATbk0/X7vDFeBjRjI/AAAAAAAAUgs/1qjYNnwGZy0B0YR7AiGPor3keT_KpmqTACNcBGAsYHQ/s600/yaoi_all.night_120357895_366800124727005_6315656058108095716_n.jpg"
   },
   {
	"teks": " *Kyaaah.. Totemo kakkoī* ",
	"image": "https://1.bp.blogspot.com/-ZEml_ynW8X8/X7vDF19W8RI/AAAAAAAAUg0/I5EupgogywcM60As69ENxRFPjKMDumVtQCNcBGAsYHQ/s600/yaoi_all.night_120518322_689783598334329_7058251774378752275_n.jpg"
   },
    {
	"teks": " *Kyaaah.. Totemo kakkoī* ",
	"image": "https://1.bp.blogspot.com/-AhnoYm6eQn0/X7vDGOWzafI/AAAAAAAAUg4/q_IArMMo0xYhh-IIhgmfCNn9qNL5wi7bgCNcBGAsYHQ/s600/yaoi_all.night_120601557_667913703853175_6461203158235678673_n.jpg"
   },
   {
	"teks": " *Kyaaah.. Totemo kakkoī* ",
	"image": "https://1.bp.blogspot.com/-pEiXEdanHH8/X7vDGLFbpFI/AAAAAAAAUg8/d3xkwXh7yJckMwbOett2LaWgNHhCTk2wwCNcBGAsYHQ/s600/yaoi_all.night_120764881_251740276256456_8405409686838490022_n.jpg"
   },
   {
	"teks": " *Kyaaah.. Totemo kakkoī* ",
	"image": "https://1.bp.blogspot.com/-j4Oxzypwi5M/X7vDGqiM5sI/AAAAAAAAUhA/HQphSTSu4Y8BNgt8eCp4K7ZPlXVeDNx0wCNcBGAsYHQ/s600/yaoi_all.night_120802371_1004545680404864_4581409866961915932_n.jpg"
   },
   {
	"teks": " *Kyaaah.. Totemo kakkoī* ",
	"image": "https://1.bp.blogspot.com/-W-xsjazaIew/X7vDGzdscRI/AAAAAAAAUhI/9tHpDftLPco5HWcz0T11QeBHr7GwSSRFgCNcBGAsYHQ/s600/yaoi_all.night_120811210_346818363214588_7283108376165132236_n.jpg"
   },
    {
	"teks": " *Kyaaah.. Totemo kakkoī* ",
	"image": "https://1.bp.blogspot.com/-Ez4dV86bXSA/X7vDG7BuKFI/AAAAAAAAUhE/RnqzILKWwsAtp84O6EtupKgsPIOw8rBHACNcBGAsYHQ/s600/yaoi_all.night_120844364_123623605912249_679053318496849262_n.jpg"
   },
   {
	"teks": " *Kyaaah.. Totemo kakkoī* ",
	"image": "https://1.bp.blogspot.com/-zn7CLXR3tMA/X7vDHJXiQrI/AAAAAAAAUhM/evFKhExWxmItZIAR3Ms1oCDOGXLCYH2ogCNcBGAsYHQ/s600/yaoi_all.night_120845038_772617133311662_2899467270364798538_n.jpg"
   },
    {
	"teks": " *Kyaaah.. Totemo kakkoī* ",
	"image": "https://1.bp.blogspot.com/-ZiF0hmGYIzg/X7vDHoglPaI/AAAAAAAAUhQ/yBpzg3pt3E8EIAQVXVMSM-mn-NlaLXSlwCNcBGAsYHQ/s600/yaoi_all.night_120845914_3599384560113231_645127836378548116_n.jpg"
   },
   {
	"teks": " *Kyaaah.. Totemo kakkoī* ",
	"image": "https://1.bp.blogspot.com/-jut_-UT5bEw/X7vDHq-WadI/AAAAAAAAUhU/e3fubezO8z4jum1OqqbPlmmfGR_XBwS5wCNcBGAsYHQ/s600/yaoi_all.night_120850498_351888772823530_5546175275281193677_n.jpg"
   },
    {
	"teks": " *Kyaaah.. Totemo kakkoī* ",
	"image": "https://1.bp.blogspot.com/-irXTVV-6J70/X7vDHkoAkfI/AAAAAAAAUhY/hgkaVAXNpd4yu-5mRs-lnzIr-ujdrO3IgCNcBGAsYHQ/s600/yaoi_all.night_120926369_261086358559147_7631439414690668052_n.jpg"
   },
   {
	"teks": " *Kyaaah.. Totemo kakkoī* ",
	"image": "https://1.bp.blogspot.com/-JL3xJibvkgw/X7vDIWDnf9I/AAAAAAAAUhc/ugIutjIrhjsjXQDAkEURy_27_DF283j-QCNcBGAsYHQ/s600/yaoi_all.night_120993064_2444264455876237_4076393854927845364_n.jpg"
   },
    {
	"teks": " *Kyaaah.. Totemo kakkoī* ",
	"image": "https://1.bp.blogspot.com/-q2F67QsufuU/X7vDIu81lxI/AAAAAAAAUhg/WBCisinbq9MBSOttmUgwVj0q-DBi1xFBACNcBGAsYHQ/s600/yaoi_all.night_120996473_914757952383340_4329786082233385605_n.jpg"
   },
   {
	"teks": " *Kyaaah.. Totemo kakkoī* ",
	"image": "https://1.bp.blogspot.com/-uaJCOc3yEnI/X7vDJVxRDaI/AAAAAAAAUhs/44Ou3NtXsJYqHQFyRH96qFOEKK8FNBuGQCNcBGAsYHQ/s600/yaoi_all.night_121138628_3685263188164226_8594572200700410977_n.jpg"
   },
    {
	"teks": " *Kyaaah.. Totemo kakkoī* ",
	"image": "https://1.bp.blogspot.com/-ZqbvVF4GRAg/X7vDJQ5-K7I/AAAAAAAAUhw/ArVy9svmJ74a2Jvh-p8HEqiZxQ3NKwvDACNcBGAsYHQ/s600/yaoi_all.night_121245267_375331750272643_5601203812985291089_n.jpg"
   },
   {
	"teks": " *Kyaaah.. Totemo kakkoī* ",
	"image": "https://1.bp.blogspot.com/-Ko1r622-je8/X7vDKLnDnJI/AAAAAAAAUh4/wNNcSayORU49u3NWyn-qvgtRNTxedK4sgCNcBGAsYHQ/s600/yaoi_all.night_121395987_382892603088572_8322459521824214446_n.jpg"
   },
    {
	"teks": " *Kyaaah.. Totemo kakkoī* ",
	"image": "https://1.bp.blogspot.com/-xxgEdTpcQ-E/X7vDJxsZicI/AAAAAAAAUh0/2nc-OXIexac67DilaFPMsze-Dqv2LU3TACNcBGAsYHQ/s600/yaoi_all.night_121374384_1235024106863588_1459528627118585633_n.jpg"
   },
   {
	"teks": " *Kyaaah.. Totemo kakkoī* ",
	"image": "https://1.bp.blogspot.com/-_8Yy9HktGd4/X7vDKEdFfMI/AAAAAAAAUh8/S8NAbAPzs44cGv5Sgb8o-ZbHKRmHt9pZwCNcBGAsYHQ/s600/yaoi_all.night_121412853_618820148789639_6670328533503220342_n.jpg"
   },
   {
	"teks": " *Kyaaah.. Totemo kakkoī* ",
	"image": "https://1.bp.blogspot.com/-LTgmdiYk-V4/X7vDKk_8sRI/AAAAAAAAUiE/KLAPnQS1WUE7shzqPLRyjROoupn6BON9wCNcBGAsYHQ/s600/yaoi_all.night_121518075_981709788901631_2590235733881296133_n.jpg"
   },
   {
	"teks": " *Kyaaah.. Totemo kakkoī* ",
	"image": "https://1.bp.blogspot.com/-ur3WXMhc7yA/X7vDLJc1rGI/AAAAAAAAUiM/nWu9WhJ0szkGpfYEUz2FJd0FYCPVPpgCwCNcBGAsYHQ/s600/yaoi_all.night_121653301_808956876534818_2721335906418448230_n.jpg"
   },
    {
	"teks": " *Kyaaah.. Totemo kakkoī* ",
	"image": "https://1.bp.blogspot.com/-wRl2RW5s_TE/X7vDLZlHi7I/AAAAAAAAUiQ/iNv5g56isCM1FawnmSd4E6gj-8mc4DcmACNcBGAsYHQ/s600/yaoi_all.night_121663328_826056618228607_8250072312059131941_n.jpg"
   },
   {
	"teks": " *Kyaaah.. Totemo kakkoī* ",
	"image": "https://1.bp.blogspot.com/-H1qCRjvnDqw/X7vDLaifDsI/AAAAAAAAUiU/Za2F4dl9TE4WGVubNZeiFAo5aIQ6JXqZwCNcBGAsYHQ/s600/yaoi_all.night_121674163_1084105315373770_4038266447117536075_n.jpg"
   },
    {
	"teks": " *Kyaaah.. Totemo kakkoī* ",
	"image": "https://1.bp.blogspot.com/-3OzZynS-9b0/X7vDL3rA_sI/AAAAAAAAUiY/c3_lmq_Phss3-TgOL0T-x2dew-8sfzFbwCNcBGAsYHQ/s600/yaoi_all.night_121704487_3224010787721276_2814896149996795167_n.jpg"
   },
   {
	"teks": " *Kyaaah.. Totemo kakkoī* ",
	"image": "https://1.bp.blogspot.com/-IfcyxVv-g5k/X7vDL78yAUI/AAAAAAAAUig/bJvlhArBTH46LyHNGgI-mg0ywiAavMsCACNcBGAsYHQ/s600/yaoi_all.night_121972373_652115342408194_5214635130398938148_n.jpg"
   },
    {
	"teks": " *Kyaaah.. Totemo kakkoī* ",
	"image": "https://1.bp.blogspot.com/-UuITd0vje58/X7vDMW6KERI/AAAAAAAAUik/SZ3MhnonqucmCAQ4BajKW3K4PckvanDaACNcBGAsYHQ/s600/yaoi_all.night_122006951_419684109044904_9169042589307043365_n.jpg"
   },
   {
	"teks": " *Kyaaah.. Totemo kakkoī* ",
	"image": "https://1.bp.blogspot.com/-wokhxiHZ9N0/X7vDMveX-0I/AAAAAAAAUio/2921NjKx5yElwu3Epyeg6eRC44_DmSWQQCNcBGAsYHQ/s600/yaoi_all.night_122088429_657948598444386_6588153812203210023_n.jpg"
   },
    {
	"teks": " *Kyaaah.. Totemo kakkoī* ",
	"image": "https://1.bp.blogspot.com/-KNrVUeu8KSU/X7vDM_xjPQI/AAAAAAAAUis/QLcp-G52Q7cc2Quin-2AJgS2XBNApiXoACNcBGAsYHQ/s600/yaoi_all.night_122012466_721959505198152_6395523133549109674_n.jpg"
   },
   {
	"teks": " *Kyaaah.. Totemo kakkoī* ",
	"image": "https://1.bp.blogspot.com/-yBLbF2EFVcY/X7vDNG8iznI/AAAAAAAAUiw/_lK40P8t7ksz2Gh8yl7lxxNoKQK7tx_1wCNcBGAsYHQ/s600/yaoi_all.night_122149693_353061732613625_6558748254813955854_n.jpg"
   },
    {
	"teks": " *Kyaaah.. Totemo kakkoī* ",
	"image": "https://1.bp.blogspot.com/-QqX8ZiLlsbA/X7vDNUZIfTI/AAAAAAAAUi4/QtMVKOeEi5If8uoIuBchfMb-lIP46V01ACNcBGAsYHQ/s600/yaoi_all.night_122153383_642138113340948_6928148446861065816_n.jpg"
   },
   {
	"teks": " *Kyaaah.. Totemo kakkoī* ",
	"image": "https://1.bp.blogspot.com/-_p_MGvu_nGE/X7vDNlhMXfI/AAAAAAAAUi8/DIRj9T2o2fU0FhMz61CGBAsjoRYUjqRfgCNcBGAsYHQ/s600/yaoi_all.night_122170919_274119007168315_166615904833802891_n.jpg"
   },
    {
	"teks": " *Kyaaah.. Totemo kakkoī* ",
	"image": "https://1.bp.blogspot.com/-SxlhKeEX44U/X7vDOGEtJKI/AAAAAAAAUjA/fsetWf_LoPYTX4sMJfK-dgwOBmSselyxQCNcBGAsYHQ/s600/yaoi_all.night_122310466_1016441278856933_2660816203117004927_n.jpg"
   },
   {
	"teks": " *Kyaaah.. Totemo kakkoī* ",
	"image": "https://1.bp.blogspot.com/-hqq_toia7HE/X7vDOpXpADI/AAAAAAAAUjI/HBAkfvJ4IrQ7EaZIHEt2T05EEUCDDrEmgCNcBGAsYHQ/s600/yaoi_all.night_122341197_346965653203242_120622498248736826_n.jpg"
   },
   {
	"teks": " *Kyaaah.. Totemo kakkoī* ",
	"image": "https://1.bp.blogspot.com/-sO8irQ136UQ/X7vDOwAIRUI/AAAAAAAAUjM/kliXzUqbzUYrPaI1dSPAmCcwXZH3xU1dgCNcBGAsYHQ/s600/yaoi_all.night_122547658_125628619047707_4497355110400907184_n.jpg"
   },
   {
	"teks": " *Kyaaah.. Totemo kakkoī* ",
	"image": "https://1.bp.blogspot.com/-sO8irQ136UQ/X7vDOwAIRUI/AAAAAAAAUjM/kliXzUqbzUYrPaI1dSPAmCcwXZH3xU1dgCNcBGAsYHQ/s600/yaoi_all.night_122547658_125628619047707_4497355110400907184_n.jpg"
   },
    {
	"teks": " *Kyaaah.. Totemo kakkoī* ",
	"image": "https://1.bp.blogspot.com/-81-jmNTEeXs/X7vDPGdA3wI/AAAAAAAAUjU/US68vIwRPdsTRILhMVhc_ZMWpIlmaxT8ACNcBGAsYHQ/s600/yaoi_all.night_122628015_967740807050328_1236254187349488927_n.jpg"
   },
   {
	"teks": " *Kyaaah.. Totemo kakkoī* ",
	"image": "https://1.bp.blogspot.com/-81-jmNTEeXs/X7vDPGdA3wI/AAAAAAAAUjU/US68vIwRPdsTRILhMVhc_ZMWpIlmaxT8ACNcBGAsYHQ/s600/yaoi_all.night_122628015_967740807050328_1236254187349488927_n.jpg"
   },
    {
	"teks": " *Kyaaah.. Totemo kakkoī* ",
	"image": "https://1.bp.blogspot.com/-zzxi46sXb70/X7vDPsSiRfI/AAAAAAAAUjc/EOJdr5gs_IQJb18rjZ9T1klSdJLnaKPTwCNcBGAsYHQ/s600/yaoi_all.night_123100749_391501962031960_3016304578450056550_n.jpg"
   },
   {
	"teks": " *Kyaaah.. Totemo kakkoī* ",
	"image": "https://1.bp.blogspot.com/-NMM9Im5IRgY/X7vDP9VPGXI/AAAAAAAAUjg/1rZgY2SJg9IZHVojGoKtFpqfgTdNvXLJwCNcBGAsYHQ/s600/yaoi_all.night_123120107_215129216697180_6586434970333645177_n.jpg"
   },
    {
	"teks": " *Kyaaah.. Totemo kakkoī* ",
	"image": "https://1.bp.blogspot.com/-NWHbMepHGqc/X7vDQDak_1I/AAAAAAAAUjk/HLXF5EDPLQoJleF-WaLa0kRfR7a8EwK6QCNcBGAsYHQ/s600/yaoi_all.night_123137438_116196950130663_3179958601176245261_n.jpg"
   },
   {
	"teks": " *Kyaaah.. Totemo kakkoī* ",
	"image": "https://1.bp.blogspot.com/-8Jwua77ESRk/X7vDQdIOyOI/AAAAAAAAUjs/-b2r56ah5UMGGCYpmh29UVrNUySbTd76QCNcBGAsYHQ/s1006/yaoi_all.night_123945596_188233009535909_5944727573567093430_n.jpg"
   },
    {
	"teks": " *Kyaaah.. Totemo kakkoī* ",
	"image": "https://1.bp.blogspot.com/-FRJO6qxUWvg/X7vDQwX4KeI/AAAAAAAAUjw/Hdt-5bu9N-olnkpHm_xAxNsTPxJIGJyRwCNcBGAsYHQ/s1196/yaoi_all.night_124405431_121950109511272_3249664101303009366_n.jpg"
   },
   {
	"teks": " *Kyaaah.. Totemo kakkoī* ",
	"image": "https://1.bp.blogspot.com/-Zqzf6VsDOh4/X7vDQ9I6urI/AAAAAAAAUj0/4LLjtE5L6uklyR7ougkoFgh4M5SIeCnLACNcBGAsYHQ/s1031/yaoi_all.night_124468982_124547749430844_2094652219271464009_n.jpg"
   },
    {
	"teks": " *Kyaaah.. Totemo kakkoī* ",
	"image": "https://1.bp.blogspot.com/-IAXKO4UjK4k/X7vDRJHBD2I/AAAAAAAAUj4/GEmGd39Jz4MzuYS5co46DA8kqGWz9qzNACNcBGAsYHQ/s540/yaoi_all.night_125768264_894332514537395_6700550913976623070_n.jpg"
   },
   {
	"teks": " *Kyaaah.. Totemo kakkoī* ",
	"image": "https://1.bp.blogspot.com/-TAWlq7Ptrvg/X7vDRhSTKQI/AAAAAAAAUj8/DjebTaPJNsMLh3QYoafv0M3eERnrEpMTACNcBGAsYHQ/s898/yaoi_all.night_126189773_2425755107727083_1186662997300776283_n.jpg"
   },
    {
	"teks": " *Kyaaah.. Totemo kakkoī* ",
	"image": "https://1.bp.blogspot.com/-e6InqPZqx50/X7vDR9thMEI/AAAAAAAAUkA/0MN_cjcRYNsgkQJXSbMznl3ig24kqdZzQCNcBGAsYHQ/s1350/yaoi_all.night_126394758_103552908209713_4169652102681892621_n.jpg"
   }

]