[
    {
	"teks": " *Silahkan Diambil Asupan Yurinya Desu..!",
	"image": "https://1.bp.blogspot.com/-Fpd6SWgRsWQ/X7UGwPMxTlI/AAAAAAAAR9U/lANPqL4FdkAy5MJWgEUCr2aFL0OP2IJ-gCNcBGAsYHQ/s720/anime_yuri_46304711_583442158786422_1394756548267929373_n.jpg"
    
	},
		{
	"teks": "  *Silahkan Diambil Asupan Yurinya Desu..!* ",
	"image": "https://1.bp.blogspot.com/-tmspM7BmjUE/X7UGwY63QQI/AAAAAAAAR9Y/jq3m_Kd0jL8Uc2K8V3SK8U_Mz1h17envACNcBGAsYHQ/s720/anime_yuri_47692696_118110932581891_7720375307405656390_n.jpg"
    
	},
	{
	"teks": "  *Silahkan Diambil Asupan Yurinya Desu..!* ",
	"image": "https://1.bp.blogspot.com/-X-_9-pMw_PM/X7UGwgxdx_I/AAAAAAAAR9c/_Lsnq0nBZmcUlt0wu_ewLsmgB_6dDEH9QCNcBGAsYHQ/s900/anime_yuri_49312127_379630672842033_3598657340630888550_n.jpg"
    
	},
	{
	"teks": "  *Silahkan Diambil Asupan Yurinya Desu..!* ",
	"image": "https://1.bp.blogspot.com/-HaagpZPnejY/X7UGws7GSzI/AAAAAAAAR9g/yBPMlXsggJAspL5XreM1FcAl-_zPlIwNgCNcBGAsYHQ/s499/anime_yuri_49315698_315616752410698_3797054469232671054_n.jpg"
    
	},
	{
	"teks": "  *Silahkan Diambil Asupan Yurinya Desu..!* ",
	"image": "https://1.bp.blogspot.com/-iuhnh0r5R5M/X7UGxN9IgNI/AAAAAAAAR9k/h5qUqqy7J4kCqzYcScTALGyBfL27mS5rQCNcBGAsYHQ/s900/anime_yuri_49321468_2229606670589127_5869607992978848821_n.jpg"
    
	},
	{
	"teks": "  *Silahkan Diambil Asupan Yurinya Desu..!* ",
	"image": "https://1.bp.blogspot.com/-iOwOh32pMM0/X7UGxSCSdUI/AAAAAAAAR9o/fnpXoPZj-6IYOnpC2P3vUJSjadzARNNRACNcBGAsYHQ/s403/anime_yuri_49475053_584886661976991_1664787504448532917_n.jpg"
    
	},
	{
	"teks": "  *Silahkan Diambil Asupan Yurinya Desu..!* ",
	"image": "https://1.bp.blogspot.com/-_K3YsduZXBU/X7UGxlZnHJI/AAAAAAAAR9s/mI-TCViTZOww8qHFmd3I1ijhQVdPQmbngCNcBGAsYHQ/s720/anime_yuri_49508203_2195858477170236_2377455175423627246_n.jpg"
    
	},
	{
	"teks": "  *Silahkan Diambil Asupan Yurinya Desu..!* ",
	"image": "https://1.bp.blogspot.com/-BaNeJQg2Ejo/X7UGx6ZEkAI/AAAAAAAAR9w/k8EEQ9g67pUaiGtw9LBvV7cFGH3N_CTZwCNcBGAsYHQ/s1033/anime_yuri_49546982_224444938509388_8250493410225114628_n.jpg"
    
	},
	{
	"teks": "  *Silahkan Diambil Asupan Yurinya Desu..!* ",
	"image": "https://1.bp.blogspot.com/-M8mHw-o3e40/X7UGyBFbAsI/AAAAAAAAR90/Ithj_IrBBDwr3rTurUdwTehd-a6yxXXXACNcBGAsYHQ/s900/anime_yuri_49571230_1710224139110648_5180709648000324161_n.jpg"
    
	},
		{
	"teks": "  *Silahkan Diambil Asupan Yurinya Desu..!* ",
	"image": "https://1.bp.blogspot.com/-AUPnpDIArlw/X7UGyRXtrwI/AAAAAAAAR94/Y1zhziu-GG06mKbW3pvaLlkzyMaLULSDwCNcBGAsYHQ/s900/anime_yuri_49608795_374172803316557_6596794688498600701_n.jpg"
    
	},
	{
	"teks": "  *Silahkan Diambil Asupan Yurinya Desu..!* ",
	"image": "https://1.bp.blogspot.com/-kJ77QVYYyE4/X7UGyrYruoI/AAAAAAAAR98/zAN3xZ3-cC0U5mkxfc8FVEwPr7lUcot_ACNcBGAsYHQ/s570/anime_yuri_49660331_365284900970277_180706929909048639_n.jpg"
    
	},
	{
	"teks": "  *Silahkan Diambil Asupan Yurinya Desu..!* ",
	"image": "https://1.bp.blogspot.com/-4J1ZO2LGXlE/X7UGzK7NRBI/AAAAAAAAR-A/Z88ssVGjf9cKRJ062y3HAltWC-9dc93oACNcBGAsYHQ/s720/anime_yuri_49697388_2246436782346046_8374835159447883044_n.jpg"
    
	},
	{
	"teks": "  *Silahkan Diambil Asupan Yurinya Desu..!* ",
	"image": "https://1.bp.blogspot.com/-S-SjOO4zFWo/X7UGzCW55WI/AAAAAAAAR-E/_h73boKXgbUIjmqR5nmONn8wMhG3MG83gCNcBGAsYHQ/s895/anime_yuri_49711684_525858817937039_5381824311429345311_n.jpg"
    
	},
	{
	"teks": "  *Silahkan Diambil Asupan Yurinya Desu..!* ",
	"image": "https://1.bp.blogspot.com/-jL4eVjEe8rM/X7UGzbvfNjI/AAAAAAAAR-I/MzjscWS7wmc6yPvT83LNkkeBMh1nOKyAgCNcBGAsYHQ/s531/anime_yuri_49748597_280143312651727_2868803093576378366_n.jpg"
    
	},
	{
	"teks": "  *Silahkan Diambil Asupan Yurinya Desu..!* ",
	"image": "https://1.bp.blogspot.com/-WxwFvSbSy5U/X7UG0FKDyUI/AAAAAAAAR-M/8Enrsr5zr48HVZMDGx6c9bgSqaH1HNqOgCNcBGAsYHQ/s751/anime_yuri_49792412_701579454002077_6769060797490794303_n.jpg"
    
	},
	{
	"teks": "  *Silahkan Diambil Asupan Yurinya Desu..!* ",
	"image": "https://1.bp.blogspot.com/-Opthq_OOetg/X7UG0sMDseI/AAAAAAAAR-Q/Md6RaY3GJbwGO2_TRQFKBsmXgtnCilGqwCNcBGAsYHQ/s500/anime_yuri_49839752_625523571236603_5806187210050328450_n.jpg"
    
	},
	{
	"teks": "  *Silahkan Diambil Asupan Yurinya Desu..!* ",
	"image": "https://1.bp.blogspot.com/-Opthq_OOetg/X7UG0sMDseI/AAAAAAAAR-Q/Md6RaY3GJbwGO2_TRQFKBsmXgtnCilGqwCNcBGAsYHQ/s500/anime_yuri_49839752_625523571236603_5806187210050328450_n.jpg"
    
	},
		{
	"teks": "  *Silahkan Diambil Asupan Yurinya Desu..!* ",
	"image": "https://1.bp.blogspot.com/-86P1yC-QhXo/X7UG08G6DKI/AAAAAAAAR-U/1U6bBdzqdtcZPoRtZJCAfP8eVshP-RIdgCNcBGAsYHQ/s912/anime_yuri_49907079_1920568074738928_7457034866766959287_n.jpg"
    
	},
	{
	"teks": "  *Silahkan Diambil Asupan Yurinya Desu..!* ",
	"image": "https://1.bp.blogspot.com/-bfoEaUs19i4/X7UG0ws9_II/AAAAAAAAR-Y/yYffmFpiFL4p-k83JhIPrJREkOYmqqmxgCNcBGAsYHQ/s720/anime_yuri_49907214_2240152509574591_3108809116509403454_n.jpg"
    
	},
	{
	"teks": "  *Silahkan Diambil Asupan Yurinya Desu..!* ",
	"image": "https://1.bp.blogspot.com/-jQnlojGGM78/X7UG1YqALvI/AAAAAAAAR-c/_jeiGbF-hQU_h8jiAN1rX-NTQvcB5MkaACNcBGAsYHQ/s720/anime_yuri_49913262_341651779769279_2930342865224482762_n.jpg"
    
	},
	{
	"teks": "  *Silahkan Diambil Asupan Yurinya Desu..!* ",
	"image": "https://1.bp.blogspot.com/-DV3A5BE5Z1Y/X7UG1spR91I/AAAAAAAAR-g/UPBeS_JHnQodpmHx6M-ecj1Xzw2DbcWOwCNcBGAsYHQ/s720/anime_yuri_49933579_381685142630127_3410903459376679630_n.jpg"
    
	},
	{
	"teks": "  *Silahkan Diambil Asupan Yurinya Desu..!* ",
	"image": "https://1.bp.blogspot.com/-UpC3IB6TSLQ/X7UG1wNi5MI/AAAAAAAAR-k/4BVTPk4qeK0_PF5XajaoqZuVY9gLA7CgACNcBGAsYHQ/s800/anime_yuri_49933820_2248731938742082_6702489953645146510_n.jpg"
    
	},
	{
	"teks": "  *Silahkan Diambil Asupan Yurinya Desu..!* ",
	"image": "https://1.bp.blogspot.com/-U2-ZEIoo6Vc/X7UG2fleQyI/AAAAAAAAR-o/Mzw5KtCyF5wEQ8xXyfe6HwnH-93TcIZqgCNcBGAsYHQ/s1350/anime_yuri_50022703_780932515593099_4863301214365976392_n.jpg"
    
	},
	{
	"teks": "  *Silahkan Diambil Asupan Yurinya Desu..!* ",
	"image": "https://1.bp.blogspot.com/-Hvj5dhTG_4E/X7UG2uwuHSI/AAAAAAAAR-s/EmZg5fFQobIl2FsjUK8O04Z2CKv6OwAYACNcBGAsYHQ/s690/anime_yuri_50026703_2303862363214969_5648951543344964871_n.jpg"
    
	},
	{
	"teks": "  *Silahkan Diambil Asupan Yurinya Desu..!* ",
	"image": "https://1.bp.blogspot.com/-Hvj5dhTG_4E/X7UG2uwuHSI/AAAAAAAAR-s/EmZg5fFQobIl2FsjUK8O04Z2CKv6OwAYACNcBGAsYHQ/s690/anime_yuri_50026703_2303862363214969_5648951543344964871_n.jpg"
    
	},
		{
	"teks": "  *Silahkan Diambil Asupan Yurinya Desu..!* ",
	"image": "https://1.bp.blogspot.com/-WLGZDHky3_A/X7UG2q2yFII/AAAAAAAAR-w/SJZxHO3OTbgI_0EBwuuJdRPbFxlMGKV4QCNcBGAsYHQ/s1080/anime_yuri_50052827_1880048282118009_282757237432668443_n.jpg"
    
	},
	{
	"teks": "  *Silahkan Diambil Asupan Yurinya Desu..!* ",
	"image": "https://1.bp.blogspot.com/-jTrFQwl5Kp0/X7UG3OyJwZI/AAAAAAAAR-0/LlMIbAZgg70TunczVGgK44-22QFM3pPMACNcBGAsYHQ/s730/anime_yuri_50075663_185413682419582_137737729858293141_n.jpg"
    
	},
	{
	"teks": "  *Silahkan Diambil Asupan Yurinya Desu..!* ",
	"image": "https://1.bp.blogspot.com/--ffW2m1HDnM/X7UG3ZR3JeI/AAAAAAAAR-4/q9MR4_xNGQ8fQBv3n5NmYT33dKerc7OKQCNcBGAsYHQ/s720/anime_yuri_50112091_878061652553597_6150218648037672878_n.jpg"
    
	},
	{
	"teks": "  *Silahkan Diambil Asupan Yurinya Desu..!* ",
	"image": "https://1.bp.blogspot.com/-FZcRUZVCrNQ/X7UG3SdOemI/AAAAAAAAR-8/utwqEcrSce4bv1zmADz-dSOBhhKipTV3QCNcBGAsYHQ/s845/anime_yuri_50118978_1683243321777443_2116959978732870268_n.jpg"
    
	},
	{
	"teks": "  *Silahkan Diambil Asupan Yurinya Desu..!* ",
	"image": "https://1.bp.blogspot.com/-lQd6JDM1SE4/X7UG4Wp3LcI/AAAAAAAAR_I/psWJqmpcRo8v8ExR3ucB0Ds00cxkW647gCNcBGAsYHQ/s1350/anime_yuri_50481137_238296760382509_6554368500110638402_n.jpg"
    
	},
	{
	"teks": "  *Silahkan Diambil Asupan Yurinya Desu..!* ",
	"image": "https://1.bp.blogspot.com/-fHNRuOExG28/X7UG4sQ_drI/AAAAAAAAR_M/CGkFSr7AuDISiHyxCnlkEKBINTAPBzoogCNcBGAsYHQ/s1080/anime_yuri_50501529_148258906073139_2410384042669790194_n.jpg"
    
	},
	{
	"teks": "  *Silahkan Diambil Asupan Yurinya Desu..!* ",
	"image": "https://1.bp.blogspot.com/-I2g_5VSRdtY/X7UG45kNY9I/AAAAAAAAR_Q/nWgVPsLI-1wU4pOJEhnleSyA28Okagj2gCNcBGAsYHQ/s1350/anime_yuri_50571912_374564143358135_6875220187877974099_n.jpg"
    
	},
	{
	"teks": "  *Silahkan Diambil Asupan Yurinya Desu..!* ",
	"image": "https://1.bp.blogspot.com/-4QAKO7i3QNg/X7UG5L5deeI/AAAAAAAAR_U/XqSetk7Pmfw5CR38r8MfGIcAfoZe-r22ACNcBGAsYHQ/s1000/anime_yuri_50592108_1467525856715519_6293298794355656420_n.jpg"
    
	},
		{
	"teks": "  *Silahkan Diambil Asupan Yurinya Desu..!* ",
	"image": "https://1.bp.blogspot.com/-s9_yjB-K-zk/X7UG5qurBvI/AAAAAAAAR_c/7YRFO5IkRKAlV6diCtX4Gkm4molIF63-wCNcBGAsYHQ/s960/anime_yuri_50648178_285971055413547_4792204342828138657_n.jpg"
    
	},
	{
	"teks": "  *Silahkan Diambil Asupan Yurinya Desu..!* ",
	"image": "https://1.bp.blogspot.com/-C5lg7dzGd38/X7UG5bqslBI/AAAAAAAAR_Y/VQkOw7ZeRmQHNYHwJnldJr8d5bFlhqZjgCNcBGAsYHQ/s403/anime_yuri_50755997_607109973064605_1820741872146449836_n.jpg"
    
	},
	{
	"teks": "  *Silahkan Diambil Asupan Yurinya Desu..!* ",
	"image": "https://1.bp.blogspot.com/-btSFrYJ9ByA/X7UG6D8I9VI/AAAAAAAAR_g/9L6d6GSM2zEIq_X9ZonuMDZKEYe7hOTjACNcBGAsYHQ/s1080/anime_yuri_50824526_121312755598510_4984446244467529152_n.jpg"
    
	},
	{
	"teks": "  *Silahkan Diambil Asupan Yurinya Desu..!* ",
	"image": "https://1.bp.blogspot.com/-H7Km4QiuVLk/X7UG6X6jdmI/AAAAAAAAR_k/vcB6ZQ3-gkEoTVoSWjaRaSSGTzc9VniWwCNcBGAsYHQ/s512/anime_yuri_50858229_561390157599887_7575270000710704494_n.jpg"
    
	},
	{
	"teks": "  *Silahkan Diambil Asupan Yurinya Desu..!* ",
	"image": "https://1.bp.blogspot.com/-vvYSQYtWUms/X7UG6sCfR5I/AAAAAAAAR_o/-rEsL_iawwMSOl42GdIjYxxH9PXq2SCRwCNcBGAsYHQ/s825/anime_yuri_50902206_1211135072377833_8027844568051009803_n.jpg"
    
	},
	{
	"teks": "  *Silahkan Diambil Asupan Yurinya Desu..!* ",
	"image": "https://1.bp.blogspot.com/-vvYSQYtWUms/X7UG6sCfR5I/AAAAAAAAR_o/-rEsL_iawwMSOl42GdIjYxxH9PXq2SCRwCNcBGAsYHQ/s825/anime_yuri_50902206_1211135072377833_8027844568051009803_n.jpg"
    
	},
	{
	"teks": "  *Silahkan Diambil Asupan Yurinya Desu..!* ",
	"image": "https://1.bp.blogspot.com/-IYhGCMFqYQs/X7UG68262-I/AAAAAAAAR_w/wWo7CDXRBUQ_WGBytGSTHSfFMOLDyqQmACNcBGAsYHQ/s770/anime_yuri_50979365_2169046786741593_7680586669839723738_n.jpg"
    
	},
	{
	"teks": "  *Silahkan Diambil Asupan Yurinya Desu..!* ",
	"image": "https://1.bp.blogspot.com/-IYhGCMFqYQs/X7UG68262-I/AAAAAAAAR_w/wWo7CDXRBUQ_WGBytGSTHSfFMOLDyqQmACNcBGAsYHQ/s770/anime_yuri_50979365_2169046786741593_7680586669839723738_n.jpg"
    
	},
	{
	"teks": "  *Silahkan Diambil Asupan Yurinya Desu..!* ",
	"image": "https://1.bp.blogspot.com/-QGuKST7Shr0/X7UG7OCmIgI/AAAAAAAAR_0/wSy50xXTI0IxO2a0qdxERnQKqm8vRQ2awCNcBGAsYHQ/s600/anime_yuri_51008008_1005975606244278_1016281795429928616_n.jpg"
    
	},
	{
	"teks": "  *Silahkan Diambil Asupan Yurinya Desu..!* ",
	"image": "https://1.bp.blogspot.com/-HxP-WllqiLA/X7UG7SW0y_I/AAAAAAAAR_4/r4_2pNgOLE0vXvEX1VhzanX8vK4o-cQ4ACNcBGAsYHQ/s476/anime_yuri_51011178_797445980609561_4016038462995600065_n.jpg"
    
	},
	{
	"teks": "  *Silahkan Diambil Asupan Yurinya Desu..!* ",
	"image": "https://1.bp.blogspot.com/-CfJjohjzcNA/X7UG731sWFI/AAAAAAAAR_8/ucwxWg0ItDw_AZBXM7PUxnAKCTdQmlSNwCNcBGAsYHQ/s400/anime_yuri_51078409_2357237954416274_737124771768445305_n.jpg"
    
	},
	{
	"teks": "  *Silahkan Diambil Asupan Yurinya Desu..!* ",
	"image": "https://1.bp.blogspot.com/-Dk2LUlRJflM/X7UG7wNwR1I/AAAAAAAASAA/jYryntLzvSQFQu5qzxZhZGaOKStFnj8agCNcBGAsYHQ/s512/anime_yuri_51079084_2060757594020932_5662762808807324701_n.jpg"
    
	},
	{
	"teks": "  *Silahkan Diambil Asupan Yurinya Desu..!* ",
	"image": "https://1.bp.blogspot.com/-whfKBoiaJgc/X7UG8Uui8kI/AAAAAAAASAE/fA2gRRTkGnY8GyDWn2lPl0pJMcld3Yg2wCNcBGAsYHQ/s775/anime_yuri_51128859_632548553849559_961551485098857711_n.jpg"
    
	},
	{
	"teks": "  *Silahkan Diambil Asupan Yurinya Desu..!* ",
	"image": "https://1.bp.blogspot.com/-1nW39h4ucSo/X7UG8iTsY6I/AAAAAAAASAI/wvYKaTPxeF0eJnps-fQBwQHQycaXrcBmgCNcBGAsYHQ/s600/anime_yuri_51311979_345586636289267_8008336405923672219_n.jpg"
    
	},
	{
	"teks": "  *Silahkan Diambil Asupan Yurinya Desu..!* ",
	"image": "https://1.bp.blogspot.com/-ErO76UtDL1Q/X7UG8yecWTI/AAAAAAAASAM/mf-EurGZBw00V2wsEN_oMbOaYbeP9ZlBwCNcBGAsYHQ/s1350/anime_yuri_51367036_1213734555456507_229557209762255956_n.jpg"
    
	},
	{
	"teks": "  *Silahkan Diambil Asupan Yurinya Desu..!* ",
	"image": "https://1.bp.blogspot.com/-LawnuvTpO7Y/X7UG8_p0pMI/AAAAAAAASAQ/mHy06QUztHowDMmNMbYyG4tltGBXp_RNACNcBGAsYHQ/s500/anime_yuri_51480010_172098623762188_7311143184441020381_n.jpg"
    
	},
		{
	"teks": "  *Silahkan Diambil Asupan Yurinya Desu..!* ",
	"image": "https://1.bp.blogspot.com/-abCvS3Tpyho/X7UG9f5s05I/AAAAAAAASAU/nHrBqRO56rEC7TANO3W_o6bskWk4pK2WACNcBGAsYHQ/s735/anime_yuri_51501575_418093318943247_8114201367770016105_n.jpg"
    
	},
	{
	"teks": "  *Silahkan Diambil Asupan Yurinya Desu..!* ",
	"image": "https://1.bp.blogspot.com/-4lwGHwvr0z8/X7UG9oVNCjI/AAAAAAAASAY/YN55zLmDzN0jT-6jr6a3Pi-AERWAoWy0gCNcBGAsYHQ/s552/anime_yuri_51502914_122190502179132_4155231449509010414_n.jpg"
    
	},
	{
	"teks": "  *Silahkan Diambil Asupan Yurinya Desu..!* ",
	"image": "https://1.bp.blogspot.com/-jM8oO9E4RBA/X7UG95VgjaI/AAAAAAAASAc/ZRI4y2NSV_kihDgk1myddXG78CE4dcvvwCNcBGAsYHQ/s538/anime_yuri_51564456_2222272321370039_1852758642621356436_n.jpg"
    
	},
	{
	"teks": "  *Silahkan Diambil Asupan Yurinya Desu..!* ",
	"image": "https://1.bp.blogspot.com/-pwdAPD59Yq0/X7UG-fI5ARI/AAAAAAAASAg/eXU4ralgiSEWYHr04nwzfrGmCDU36TVLwCNcBGAsYHQ/s729/anime_yuri_51620633_2021612007888101_6993034214224476493_n.jpg"
    
	},
	{
	"teks": "  *Silahkan Diambil Asupan Yurinya Desu..!* ",
	"image": "https://1.bp.blogspot.com/-Rh7yP2DkOH8/X7UG-WOnuTI/AAAAAAAASAk/U8toHbgCbDgSzFPNKIrbH-NB7dh394UlwCNcBGAsYHQ/s882/anime_yuri_51648909_1207098449452945_7580550001763787863_n.jpg"
    
	},
	{
	"teks": "  *Silahkan Diambil Asupan Yurinya Desu..!* ",
	"image": "https://1.bp.blogspot.com/-A3dpVg3KXUo/X7UG-n1cXoI/AAAAAAAASAo/4Tt5QvGUgGAg9wvT1pk52g5eXqKsvq-mwCNcBGAsYHQ/s720/anime_yuri_51674684_302812380405583_2342670154983158043_n.jpg"
    
	},
	{
	"teks": "  *Silahkan Diambil Asupan Yurinya Desu..!* ",
	"image": "https://1.bp.blogspot.com/-zalwGBp0ERM/X7UG_KHZz1I/AAAAAAAASAw/dAh6k7bw4HI6cAtrIun3Sm5pXxNc_2R6ACNcBGAsYHQ/s512/anime_yuri_51775818_353256582191493_8062655988405796594_n.jpg"
    
	},
	{
	"teks": "  *Silahkan Diambil Asupan Yurinya Desu..!* ",
	"image": "https://1.bp.blogspot.com/-WVbKFHMOb6E/X7UG_Ef9tbI/AAAAAAAASAs/91LDn7L4tPQKCg0y1E0oqS9JngFHiPYjQCNcBGAsYHQ/s1080/anime_yuri_51899640_1249117255290475_3938066442486594484_n.jpg"
    
	},
		{
	"teks": "  *Silahkan Diambil Asupan Yurinya Desu..!* ",
	"image": "https://1.bp.blogspot.com/-cNOUXiQqw90/X7UG_IOL1kI/AAAAAAAASA0/BdDe9x7UlNgWRvIwWZCQwcL03T2CgykbwCNcBGAsYHQ/s1332/anime_yuri_52034023_1817008671738920_4556661223671646492_n.jpg"
    
	},
	{
	"teks": "  *Silahkan Diambil Asupan Yurinya Desu..!* ",
	"image": "https://1.bp.blogspot.com/-ocbk9Y0_JI0/X7UHAJUck3I/AAAAAAAASA4/YEmOHFkB_RUG_OB9iUFVEiDnZ9SQbriuQCNcBGAsYHQ/s612/anime_yuri_52087656_1047198878799491_2834304045780648751_n.jpg"
    
	},
	{
	"teks": "  *Silahkan Diambil Asupan Yurinya Desu..!* ",
	"image": "https://1.bp.blogspot.com/-5WfxIC2J0Zs/X7UHAVee3UI/AAAAAAAASA8/5gJqUzbqCO8D8WESJjbcS-ViRJ2_38dSgCNcBGAsYHQ/s600/anime_yuri_52127381_578537159331904_7646147051496236288_n.jpg"
    
	},
	{
	"teks": "  *Silahkan Diambil Asupan Yurinya Desu..!* ",
	"image": "https://1.bp.blogspot.com/-H_GqCKKYoI8/X7UHAl8Bl1I/AAAAAAAASBA/-OE81GXHtNUhqIbYGNZrxSdIb_anL-AAgCNcBGAsYHQ/s682/anime_yuri_52143800_639854156454352_2051090325219656050_n.jpg"
    
	},
	{
	"teks": "  *Silahkan Diambil Asupan Yurinya Desu..!* ",
	"image": "https://1.bp.blogspot.com/-nBvYz1JM3M4/X7UHArcBB5I/AAAAAAAASBE/AK2WcqYm0RsLdy-7CZYk4xlkP52kNBH9wCNcBGAsYHQ/s1080/anime_yuri_52153135_252835318938517_785351973251974772_n.jpg"
    
	},
	{
	"teks": "  *Silahkan Diambil Asupan Yurinya Desu..!* ",
	"image": "https://1.bp.blogspot.com/-Q3jK_7SSTfs/X7UHBGTLXzI/AAAAAAAASBI/DoP2yYfi1zsnnOpv5Fp8jGDQTkW9UDCEwCNcBGAsYHQ/s730/anime_yuri_52308701_187005002264143_4390929295337670632_n.jpg"
    
	},
	{
	"teks": "  *Silahkan Diambil Asupan Yurinya Desu..!* ",
	"image": "https://1.bp.blogspot.com/-LVfjmZsE_44/X7UHBopoDtI/AAAAAAAASBM/n_npAjZI7uYxU4utOyd_cLSJBAOEV_bnwCNcBGAsYHQ/s720/anime_yuri_52332002_2326760220902220_269832001237725232_n.jpg"
    
	},
	{
	"teks": "  *Silahkan Diambil Asupan Yurinya Desu..!* ",
	"image": "https://1.bp.blogspot.com/-thJy6v4oirg/X7UHBl0OcfI/AAAAAAAASBQ/vX2PL7pKqKAzpme-GnjQdJPmMF7_9DbdwCNcBGAsYHQ/s1080/anime_yuri_52445561_174740360175673_7706742004054173970_n.jpg"
    
	},
		{
	"teks": "  *Silahkan Diambil Asupan Yurinya Desu..!* ",
	"image": "https://1.bp.blogspot.com/-hYtIDZpLKn8/X7UHCPRhUrI/AAAAAAAASBU/0v_lL_2fYVcn543JnhfiigFknY_3jq9lgCNcBGAsYHQ/s853/anime_yuri_52522923_2210002925915797_8840681605637951139_n.jpg"
    
	},
	{
	"teks": "  *Silahkan Diambil Asupan Yurinya Desu..!* ",
	"image": "https://1.bp.blogspot.com/-4e-Qyyke6tc/X7UHCTz-EWI/AAAAAAAASBY/F7IUU_x_n5c01lHsOtMIgWJa0UWWRuo6ACNcBGAsYHQ/s1350/anime_yuri_52616139_266424690914279_2476178054294234833_n.jpg"
    
	},
	{
	"teks": "  *Silahkan Diambil Asupan Yurinya Desu..!* ",
	"image": "https://1.bp.blogspot.com/-9bu5tMTCs2E/X7UHCmBnoXI/AAAAAAAASBg/NskQNhju8ZA1-tOU68nXcBcY_IXD5TFdwCNcBGAsYHQ/s800/anime_yuri_52703818_962248560640900_8263765953862449273_n.jpg"
    
	},
	{
	"teks": "  *Silahkan Diambil Asupan Yurinya Desu..!* ",
	"image": "https://1.bp.blogspot.com/-l3mHpXnfz84/X7UHCqR3dFI/AAAAAAAASBc/T9DXdGAsNVor9DpVY0ndpysXNfVddpoAQCNcBGAsYHQ/s529/anime_yuri_52695150_2215183311853867_7169504145018110091_n.jpg"
    
	},
	{
	"teks": "  *Silahkan Diambil Asupan Yurinya Desu..!* ",
	"image": "https://1.bp.blogspot.com/-aVEfMrIYzMg/X7UHDKY3hBI/AAAAAAAASBk/GXA7OU9ho-cYuYZPF-sxwVXBgY8Y1HUuACNcBGAsYHQ/s727/anime_yuri_52725468_2350797988286781_2314404233298963908_n.jpg"
    
	},
	{
	"teks": "  *Silahkan Diambil Asupan Yurinya Desu..!* ",
	"image": "https://1.bp.blogspot.com/-n1ZnXo4nkVQ/X7UHDsUMeBI/AAAAAAAASBo/jBZ7rzEdGmQjJ2f8vW6RQweDPfG4drbSACNcBGAsYHQ/s640/anime_yuri_52761077_122468928846535_4182696255056174409_n.jpg"
    
	},
	{
	"teks": "  *Silahkan Diambil Asupan Yurinya Desu..!* ",
	"image": "https://1.bp.blogspot.com/-y5LOWya6eKQ/X7UHDsW5eQI/AAAAAAAASBs/K3w4QNQAzuolUfolHs-Ku2VTBU6MkTLJACNcBGAsYHQ/s1080/anime_yuri_52815374_2821404084750839_3767071372876121746_n.jpg"
    
	},
	{
	"teks": "  *Silahkan Diambil Asupan Yurinya Desu..!* ",
	"image": "https://1.bp.blogspot.com/-3U7ail-W55k/X7UHD7VHsII/AAAAAAAASBw/v6AOXe5DS7gbwgxf0wWwZZfvPfabweJmgCNcBGAsYHQ/s890/anime_yuri_52845389_120243182420084_9082796246963655222_n.jpg"
    
	},
		{
	"teks": " *Silahkan Diambil Asupan Yurinya..!* ",
	"image": "https://1.bp.blogspot.com/-_oPib5Loquk/X7UHEGvnQvI/AAAAAAAASB0/T_1REPGNSu4r1-NL0pTcoBw3s6ps3VkfwCNcBGAsYHQ/s656/anime_yuri_52850195_2141244425929634_3630075617441658755_n.jpg"
    
	},
	{
	"teks": " *Silahkan Diambil Asupan Yurinya..!* ",
	"image": "https://1.bp.blogspot.com/-yCFPU-LpjWg/X7UHEtLpx2I/AAAAAAAASB8/uEL2ARbnte4oC2uYhOawhR7YZFyxjTVVQCNcBGAsYHQ/s400/anime_yuri_53320148_2249407771787020_7198967103832901369_n.jpg"
    
	},
	{
	"teks": " *Silahkan Diambil Asupan Yurinya..!* ",
	"image": "https://1.bp.blogspot.com/-TAqOMocfdYA/X7UHFPCoyuI/AAAAAAAASCA/c2dQcsv5GSUKnfACcNBMrwsCYfbdCjebACNcBGAsYHQ/s400/anime_yuri_53510905_365533540967572_8258242471972397102_n.jpg"
    
	},
	{
	"teks": " *Silahkan Diambil Asupan Yurinya..!* ",
	"image": "https://1.bp.blogspot.com/-8e9J2RrkJxU/X7UHFO0iqBI/AAAAAAAASCE/Q2pGZexDzvYqpTmDCreH8cHX0b1QkGV5ACNcBGAsYHQ/s400/anime_yuri_53672324_420520672034465_7292709832972769382_n.jpg"
    
	},
	{
	"teks": " *Silahkan Diambil Asupan Yurinya..!* ",
	"image": "https://1.bp.blogspot.com/-KFLXNh62Opw/X7UHFaLmdiI/AAAAAAAASCI/aYrlVJVxG6oNBqbKnpQyL1QvRP6if7ODACNcBGAsYHQ/s400/anime_yuri_53874884_2242643662452680_2246535503360415172_n.jpg"
    
	},
	{
	"teks": " *Silahkan Diambil Asupan Yurinya..!* ",
	"image": "https://1.bp.blogspot.com/-XTeNIT7J8uM/X7UHF4rVdbI/AAAAAAAASCM/247HwfZObvYzcWDEJxhu-NJ9duphgrL4gCNcBGAsYHQ/s400/anime_yuri_54248070_2302449896681852_4408502644588484968_n.jpg"
    
	},
	{
	"teks": " *Silahkan Diambil Asupan Yurinya..!* ",
	"image": "https://1.bp.blogspot.com/-hYh_XfC2Xcs/X7UHF_TxEkI/AAAAAAAASCQ/uMwxxoGndNkhlASD-dyfA8jXs8cMnv-fACNcBGAsYHQ/s400/anime_yuri_54248132_2080497625574917_7447082721523687127_n.jpg"
    
	},
	{
	"teks": " *Silahkan Diambil Asupan Yurinya..!* ",
	"image": "https://1.bp.blogspot.com/-JaUPyVebxwo/X7UHGI_9kMI/AAAAAAAASCU/WcZKq3O_AL4R5NeutxGWpLZjXTMbaXcCACNcBGAsYHQ/s400/anime_yuri_54277453_305839746763039_5818522721785654506_n.jpg"
    
	},
	{
	"teks": " *Silahkan Diambil Asupan Yurinya..!* ",
	"image": "https://1.bp.blogspot.com/-2Mgbz1UA4e0/X7UHHVomurI/AAAAAAAASCc/6vFaHe1rAHEh5Roo7EGIpRJLkKJvbuuwgCNcBGAsYHQ/s400/anime_yuri_54512361_371235960396076_2564849707026706214_n.jpg"
    
	},
	{
	"teks": " *Silahkan Diambil Asupan Yurinya..!* ",
	"image": "https://1.bp.blogspot.com/-llXow149KFY/X7UHG3lj7EI/AAAAAAAASCY/G01LIa6SElU6zDdF7ifOha2QyuM3UOo5QCNcBGAsYHQ/s400/anime_yuri_54511076_1179922938843752_4986954685091158360_n.jpg"
    
	},
	{
	"teks": " *Silahkan Diambil Asupan Yurinya..!* ",
	"image": "https://1.bp.blogspot.com/-RVFzjxBeOOo/X7UHHYc1UBI/AAAAAAAASCg/c1zeEaXCT9AoGU_XXsNL_cOawHsP1yREgCNcBGAsYHQ/s400/anime_yuri_54513375_240836516760338_329647774791317326_n.jpg"
    
	},
	{
	"teks": " *Silahkan Diambil Asupan Yurinya..!* ",
	"image": "https://1.bp.blogspot.com/-D3znTrwdzHI/X7UHHd6GqxI/AAAAAAAASCk/V2khAE6gPloer6auBRSOEtTi_A4jpGrZQCNcBGAsYHQ/s400/anime_yuri_54732435_351040362178602_539789243156384967_n.jpg"
    
	},
	{
	"teks": " *Silahkan Diambil Asupan Yurinya..!* ",
	"image": "https://1.bp.blogspot.com/-JCLM1bJHdiU/X7UHIAqXqSI/AAAAAAAASCo/FnCdqFKmZUcyLeyfFkCMs-aWQe6KduHigCNcBGAsYHQ/s400/anime_yuri_54732558_2137246546364507_2089815984307585560_n.jpg"
    
	},

{
	"teks": " *Silahkan Diambil Asupan Yurinya..!* ",
	"image": "https://1.bp.blogspot.com/-Rrf7ncUKrY8/X7UHIiuWLXI/AAAAAAAASCs/3YzZiaip33wSq_FjKA9L_0pNcAyxzmD5ACNcBGAsYHQ/s400/anime_yuri_56205198_171422310522246_7781054619815103786_n.jpg"
    
	},
	{
	"teks": " *Silahkan Diambil Asupan Yurinya..!* ",
	"image": "https://1.bp.blogspot.com/-KsQHeUJmwjc/X7UHInd02rI/AAAAAAAASCw/yC6YkBnb_9gre8vIZWzry2XC0iESTWhkACNcBGAsYHQ/s400/anime_yuri_56306911_289367291982064_3306587723013921062_n.jpg"
    
	},
	{
	"teks": " *Silahkan Diambil Asupan Yurinya..!* ",
	"image": "https://1.bp.blogspot.com/-ys9L3vmyRe8/X7UHJKFIIcI/AAAAAAAASC0/9acpov_UDMkpo3rtRBfCrn8UjEEv3Gg5ACNcBGAsYHQ/s400/anime_yuri_56347820_444143466361384_8810264822700685963_n.jpg"
    
	},
	{
	"teks": " *Silahkan Diambil Asupan Yurinya..!* ",
	"image": "https://1.bp.blogspot.com/-Kd8lcwbwWmA/X7UHJcKuJAI/AAAAAAAASC4/fqFBeP8NWj0Zj0InOKRFvkxdjHp_2QF6QCNcBGAsYHQ/s400/anime_yuri_56358384_536176973575988_1698031685684503719_n.jpg"
    
	},
	{
	"teks": " *Silahkan Diambil Asupan Yurinya..!* ",
	"image": "https://1.bp.blogspot.com/-zyWdEGTYg74/X7UHJR6G_YI/AAAAAAAASC8/Xa6E2V6O43ADteAWkTapYDfUC3U7BIW7QCNcBGAsYHQ/s400/anime_yuri_56403864_2044621629174458_271029049799195194_n.jpg"
    
	},
	{
	"teks": " *Silahkan Diambil Asupan Yurinya..!* ",
	"image": "https://1.bp.blogspot.com/-XRF_2sTA6po/X7UHJ8FLi7I/AAAAAAAASDA/ZRV9H-e_9hw5MmpVDA7TSJhXyIfcivitgCNcBGAsYHQ/s400/anime_yuri_56474691_2374728826144452_4359633990920451837_n.jpg"
    
	},
	{
	"teks": " *Silahkan Diambil Asupan Yurinya..!* ",
	"image": "https://1.bp.blogspot.com/-GRV_uxBpczY/X7UHKTuPHNI/AAAAAAAASDI/TrwtvMKaQ88vksPP8YNd3eqxMj5yA40CwCNcBGAsYHQ/s400/anime_yuri_56587694_334275714105543_4014585885361878146_n.jpg"
    
	},
	{
	"teks": " *Silahkan Diambil Asupan Yurinya..!* ",
	"image": "https://1.bp.blogspot.com/-T7f_KLPE6Z4/X7UHKZKeyTI/AAAAAAAASDM/SfsXUjh8pusPM2yVBkVhoD9AjQjCoPH-ACNcBGAsYHQ/s400/anime_yuri_56997707_855983911460627_8953322425334404323_n.jpg"
    
	},
	{
	"teks": " *Silahkan Diambil Asupan Yurinya..!* ",
	"image": "https://1.bp.blogspot.com/-xvaJCOjJ-yk/X7UHK7jm7LI/AAAAAAAASDQ/dkTl-V7dxs839TpSrtA1bsq_SaHiCIPAQCNcBGAsYHQ/s400/anime_yuri_57040224_2339947702889917_5287177031044216213_n.jpg"
    
	},
	{
	"teks": " *Silahkan Diambil Asupan Yurinya..!* ",
	"image": "https://1.bp.blogspot.com/-XPpSyWIiw6I/X7UHLIpiCoI/AAAAAAAASDU/vQwb1VZ3pKEAY3WjWniUJqcxB3A9SPZEgCNcBGAsYHQ/s400/anime_yuri_57114930_129844271516584_3208464362746351903_n.jpg"
    
	},
	{
	"teks": " *Silahkan Diambil Asupan Yurinya..!* ",
	"image": "https://1.bp.blogspot.com/-gxMk8kEsoew/X7UHLGZJGRI/AAAAAAAASDY/bxsA5nVrhIEOBp2TWz-tBiENcyoJ-HigACNcBGAsYHQ/s400/anime_yuri_57216888_2269165819989205_5824320757897611947_n.jpg"
    
	},
	{
	"teks": " *Silahkan Diambil Asupan Yurinya..!* ",
	"image": "https://1.bp.blogspot.com/-SjpXZUYheAU/X7UHLjCAT0I/AAAAAAAASDc/UWm4UGq-Q1Egk--jomZpOyB2imcet3CggCNcBGAsYHQ/s400/anime_yuri_57221551_1893064177466117_4124609953011122244_n.jpg"
    
	},

{
	"teks": " *Silahkan Diambil Asupan Yurinya..!* ",
	"image": "https://1.bp.blogspot.com/-fD_RYX624N8/X7UHLsHYXPI/AAAAAAAASDg/FgTFqhfYRnYt0XlfbxJYPGoZe-fLEfopQCNcBGAsYHQ/s400/anime_yuri_57244834_656714621408373_6799400903704440642_n.jpg"
    
	},
	{
	"teks": " *Silahkan Diambil Asupan Yurinya..!* ",
	"image": "https://1.bp.blogspot.com/-QLzptl5zgzY/X7UHLzXL2ZI/AAAAAAAASDk/KdZA2xRLO_Ae1ClQy7gyOcjTTj8J60PgACNcBGAsYHQ/s400/anime_yuri_57280560_428939751253252_1741814430028825087_n.jpg"
    
	},
	{
	"teks": " *Silahkan Diambil Asupan Yurinya..!* ",
	"image": "https://1.bp.blogspot.com/-KTjrapeSXWg/X7UHMELHqeI/AAAAAAAASDo/pwDRzHwXBfIw40-vYDeWDLJT94wc3jungCNcBGAsYHQ/s400/anime_yuri_57453811_417679725690708_7860433623976652427_n.jpg"
    
	},
	{
	"teks": " *Silahkan Diambil Asupan Yurinya..!* ",
	"image": "https://1.bp.blogspot.com/-_t9II-BMoYM/X7UHMo7KkdI/AAAAAAAASDs/o9u5sd6yeBAGUh_Lm03Q0LPpFYgPDvurwCNcBGAsYHQ/s400/anime_yuri_57674292_2349683351961828_8368801839507143752_n.jpg"
    
	},
	{
	"teks": " *Silahkan Diambil Asupan Yurinya..!* ",
	"image": "https://1.bp.blogspot.com/-HSDMHs-_wyk/X7UHMjeOydI/AAAAAAAASDw/RdpGPDuiD38TWHfEAAGr55tWdk_fgxpMQCNcBGAsYHQ/s400/anime_yuri_57870469_182036629452709_5894117306271518055_n.jpg"
    
	},
	{
	"teks": " *Silahkan Diambil Asupan Yurinya..!* ",
	"image": "https://1.bp.blogspot.com/-mQYC8ZnWl04/X7UHMz4RTjI/AAAAAAAASD0/c731yyFMgVMOGapYRctmLSDeK-Y7alu_wCNcBGAsYHQ/s400/anime_yuri_58409509_2235601123199058_9065362318975032202_n.jpg"
    
	},
	{
	"teks": " *Silahkan Diambil Asupan Yurinya..!* ",
	"image": "https://1.bp.blogspot.com/-FszCX2NX75M/X7UHNqk84hI/AAAAAAAASD8/dMWQq0H5wrkR8PK3EWNlUVHnZdKmXiN_QCNcBGAsYHQ/s400/anime_yuri_58468783_466013954166480_2913860532827162929_n.jpg"
    
	},
	{
	"teks": " *Silahkan Diambil Asupan Yurinya..!* ",
	"image": "https://1.bp.blogspot.com/-QmQSApYbaZc/X7UHN6hhEDI/AAAAAAAASEA/eopdnuGJ7fs-F40cmfeVmMa7qJ3N2lLjgCNcBGAsYHQ/s400/anime_yuri_58701408_142552210206345_8313324408615529418_n.jpg"
    
	},
	{
	"teks": " *Silahkan Diambil Asupan Yurinya..!* ",
	"image": "https://1.bp.blogspot.com/-T-Su1Yj47qs/X7UHNxrXCCI/AAAAAAAASEE/fLLCoLeutUo84WEsiP4hpblUSuORU_5UgCNcBGAsYHQ/s400/anime_yuri_58735037_210777803216109_502268764922300285_n.jpg"
    
	},
	{
	"teks": " *Silahkan Diambil Asupan Yurinya..!* ",
	"image": "https://1.bp.blogspot.com/-ye_UVB95LQc/X7UHOAAAadI/AAAAAAAASEI/BprbU710Pqkh7bOtCOvCBl3bnKsMSfv9gCNcBGAsYHQ/s400/anime_yuri_58793426_449546355615817_3800998817893016679_n.jpg"
    
	},
	{
	"teks": " *Silahkan Diambil Asupan Yurinya..!* ",
	"image": "https://1.bp.blogspot.com/-MNsa6Ime9Ao/X7UHOvZ-vyI/AAAAAAAASEM/cIIfD1hf4bQ30i4lZgVSnWyHfM1wMRfTQCNcBGAsYHQ/s400/anime_yuri_59558958_2029265760515648_4869632451212869386_n.jpg"
    
	},
	{
	"teks": " *Silahkan Diambil Asupan Yurinya..!* ",
	"image": "https://1.bp.blogspot.com/-Bjrtp2rUbMo/X7UHOjgobEI/AAAAAAAASEQ/Gfhxj18Ba9UHdJs86zVPCpneGuiY1PuVgCNcBGAsYHQ/s400/anime_yuri_59591831_2270572649861704_1959836372645049_n.jpg"
    
	},
	{
	"teks": " *Silahkan Diambil Asupan Yurinya..!* ",
	"image": "https://1.bp.blogspot.com/-UcLCa8Eg-vo/X7UHO89ADXI/AAAAAAAASEU/8qdW1VJ2O8Yzyv6Q3HswUQTLmAiOyZ2aACNcBGAsYHQ/s400/anime_yuri_59700198_602824556862239_1389345492341148617_n.jpg"
    
	},
	{
	"teks": " *Silahkan Diambil Asupan Yurinya..!* ",
	"image": "https://1.bp.blogspot.com/-Z7sJnT5m-Hg/X7UHPeBsTaI/AAAAAAAASEY/X50EEo_gohshyVFGJP5NMVACe7c3sTaIwCNcBGAsYHQ/s400/anime_yuri_60141761_1189109264595396_4181211693091964227_n.jpg"
    
	},
	{
	"teks": " *Silahkan Diambil Asupan Yurinya..!* ",
	"image": "https://1.bp.blogspot.com/-bGnD8CBvcwY/X7UHPZZq38I/AAAAAAAASEc/LGMQMXmz12M-uk8b5WGDay91-JUMYDvwACNcBGAsYHQ/s400/anime_yuri_60180777_110419776683639_6012015797040538041_n.jpg"
    
	},
	{
	"teks": " *Silahkan Diambil Asupan Yurinya..!* ",
	"image": "https://1.bp.blogspot.com/-6Lv644ZehoM/X7UHP2s1SnI/AAAAAAAASEg/hXbC2dkQfa0gPbZwPCzVkoA6RM_q-g1DgCNcBGAsYHQ/s400/anime_yuri_60254968_325850974747633_6186443538911906745_n.jpg"
    
	},
	{
	"teks": " *Silahkan Diambil Asupan Yurinya..!* ",
	"image": "https://1.bp.blogspot.com/-ag95c0WRXa8/X7UHQttQ98I/AAAAAAAASEk/jfGlFqXHFCcSIdhD_2MYaoyCGDXP3fFPQCNcBGAsYHQ/s400/anime_yuri_60416174_375160729764060_5987587124107047795_n.jpg"
    
	},
	{
	"teks": " *Silahkan Diambil Asupan Yurinya..!* ",
	"image": "https://1.bp.blogspot.com/-lDU5tuMm1xE/X7UHQm6R0TI/AAAAAAAASEo/U370589sajAOoz478LUXTjAJILqPlDongCNcBGAsYHQ/s400/anime_yuri_60497382_2291483147759696_1910416209200294217_n.jpg"
    
	},
	{
	"teks": " *Silahkan Diambil Asupan Yurinya..!* ",
	"image": "https://1.bp.blogspot.com/-2FQfzfKd_fc/X7UHRKE3oVI/AAAAAAAASEw/T6yQYMAMRB4s_uFGS-DMtw5-c4nAtG2FgCNcBGAsYHQ/s400/anime_yuri_60821120_145848163212026_1356320832262721169_n.jpg"
    
	},
	{
	"teks": " *Silahkan Diambil Asupan Yurinya..!* ",
	"image": "https://1.bp.blogspot.com/-Cjz0BbmTy6c/X7UHRsWVClI/AAAAAAAASE0/0zR0XiNrzIUqW9f8foVg4jK36uEzOl8TwCNcBGAsYHQ/s400/anime_yuri_61257959_2864518843620863_1076454880535623642_n.jpg"
    
	},
	{
	"teks": " *Silahkan Diambil Asupan Yurinya..!* ",
	"image": "https://1.bp.blogspot.com/-lSB96Prl20U/X7UHRpmgttI/AAAAAAAASE4/Z6drdku-JEoEZwiVPPqvqDCff3Uq_PsUQCNcBGAsYHQ/s400/anime_yuri_61719824_2399217900308131_4199874679486531455_n.jpg"
    
	},
	{
	"teks": " *Silahkan Diambil Asupan Yurinya..!* ",
	"image": "https://1.bp.blogspot.com/-1m5myHIeKn0/X7UHR2RHd2I/AAAAAAAASE8/xlPlJ-aqdAID3jzygNClb8JB3iatWguSgCNcBGAsYHQ/s400/anime_yuri_61870544_295299254758048_6441398995903720710_n.jpg"
    
	},
	{
	"teks": " *Silahkan Diambil Asupan Yurinya..!* ",
	"image": "https://1.bp.blogspot.com/-tQgDG7fAS3s/X7UHSTtH7eI/AAAAAAAASFA/IM3JO4PQ9qkqbGmzvy2GIysANHavVq9wQCNcBGAsYHQ/s400/anime_yuri_62086157_310389146567622_4983704065408635351_n.jpg"
    
	},
	{
	"teks": " *Silahkan Diambil Asupan Yurinya..!* ",
	"image": "https://1.bp.blogspot.com/-QhYyFl5EXsI/X7UHSZML5FI/AAAAAAAASFE/0cdqb3dPa8UvMPbeePCRGPhjIQR9KN_rwCNcBGAsYHQ/s400/anime_yuri_62132562_2321828544579442_5817723202066950982_n.jpg"
    
	},

{
	"teks": " *Silahkan Diambil Asupan Yurinya..!* ",
	"image": "https://1.bp.blogspot.com/-N8kOplIyzwQ/X7UHTNtju_I/AAAAAAAASFQ/UvhJOpwC2jorjNiYhmvQUnyTvj3OtILiQCNcBGAsYHQ/s400/anime_yuri_62200119_373006653328964_6320638697364422171_n.jpg"
    
	},
	{
	"teks": " *Silahkan Diambil Asupan Yurinya..!* ",
	"image": "https://1.bp.blogspot.com/-fXavgqFO1mM/X7UHSvR_iII/AAAAAAAASFI/f80TPROlBlw1I0IvkwWkceS1FtHAoLhuACNcBGAsYHQ/s400/anime_yuri_62200119_2534326936590884_7038983319520756703_n.jpg"
    
	},
	{
	"teks": " *Silahkan Diambil Asupan Yurinya..!* ",
	"image": "https://1.bp.blogspot.com/-JsvagxEPC34/X7UHTfeekJI/AAAAAAAASFU/viQR-rJqRgELXewkj-kBPX9B_jH8kd81gCNcBGAsYHQ/s400/anime_yuri_64240661_424981668089058_1279403085641226782_n.jpg"
    
	},
	{
	"teks": " *Silahkan Diambil Asupan Yurinya..!* ",
	"image": "https://1.bp.blogspot.com/-HlUHYy7nAUw/X7UHTy44rpI/AAAAAAAASFY/pvvs4hl6suE2jNEp5VM5VoRjLTz0spR_QCNcBGAsYHQ/s400/anime_yuri_64252567_789216614805697_1654150787618169022_n.jpg"
    
	},
	{
	"teks": " *Silahkan Diambil Asupan Yurinya..!* ",
	"image": "https://1.bp.blogspot.com/-pyM_U58WQ_8/X7UHUhwp_7I/AAAAAAAASFc/twm2l88AmfYzy4dUkwVIw-cq1GKgDiSxwCNcBGAsYHQ/s400/anime_yuri_64588727_444524309664693_7320682539640319557_n.jpg"
    
	},
	{
	"teks": " *Silahkan Diambil Asupan Yurinya..!* ",
	"image": "https://1.bp.blogspot.com/-AWOBXbV3Rx8/X7UHVOQPbhI/AAAAAAAASFg/H_PGpL4QqkInyaHOllkRzeJFrgSlSKCHACNcBGAsYHQ/s400/anime_yuri_65031096_133837161140043_7233277123363641238_n.jpg"
    
	},
	{
	"teks": " *Silahkan Diambil Asupan Yurinya..!* ",
	"image": "https://1.bp.blogspot.com/-Ci7iRuvgC6c/X7UHV5fK2JI/AAAAAAAASFs/UNFT8QPyMbw1ZiiX6zVT0Pu8E8n4xOkoACNcBGAsYHQ/s400/anime_yuri_65287666_145454346536633_3551586269715345853_n.jpg"
    
	},
	{
	"teks": " *Silahkan Diambil Asupan Yurinya..!* ",
	"image": "https://1.bp.blogspot.com/-FkkPpdsMKlo/X7UHV-1Uq9I/AAAAAAAASFw/6Zz1XnB8Yv4afGRKsvZ590uBbABi_L6SQCNcBGAsYHQ/s400/anime_yuri_65590188_463363411174428_714893926729108973_n.jpg"
    
	},
	{
	"teks": " *Silahkan Diambil Asupan Yurinya..!* ",
	"image": "https://1.bp.blogspot.com/-Wp5tuU6bTlI/X7UHWCLSR2I/AAAAAAAASF0/KllVcycf-CsdM9yNmmFMsYzeMpuLbotiQCNcBGAsYHQ/s400/anime_yuri_66343911_214000009565644_840787020258122256_n.jpg"
    
	},
	{
	"teks": " *Silahkan Diambil Asupan Yurinya..!* ",
	"image": "https://1.bp.blogspot.com/-5vncG1aRBNk/X7UHW9-1r0I/AAAAAAAASF4/zHBsQ01lwmMRU-95PHQ3HnzYGxMY5uRQgCNcBGAsYHQ/s400/anime_yuri_66602051_900972936923108_4572792755501194901_n.jpg"
    
	},
	{
	"teks": " *Silahkan Diambil Asupan Yurinya..!* ",
	"image": "https://1.bp.blogspot.com/-0pbfz9bBkKA/X7UHXEoVq_I/AAAAAAAASF8/XcEVC_ZhNGgEDCpVQhIcxhiDV2BeGxchgCNcBGAsYHQ/s400/anime_yuri_66658651_166057641103265_576507212792022620_n.jpg"
    
	},
	{
	"teks": " *Silahkan Diambil Asupan Yurinya..!* ",
	"image": "https://1.bp.blogspot.com/-dTALvZ-s_YU/X7UHXYqlxjI/AAAAAAAASGA/PbgJmC4KAxEsZ4CGb3q5Gg2UY67ohXRegCNcBGAsYHQ/s400/anime_yuri_67319306_475252306540668_7485076175879313026_n.jpg"
    
	},

{
	"teks": " *Silahkan Diambil Asupan Yurinya..!* ",
	"image": "https://1.bp.blogspot.com/-4r3s9aJjxNg/X7UHXvnFfTI/AAAAAAAASGE/WkNY-fJ30v05znyNcPHgJOmy-dH8hZ7IwCNcBGAsYHQ/s400/anime_yuri_67507661_149762269553065_1151506656091862791_n.jpg"
    
	},
	{
	"teks": " *Silahkan Diambil Asupan Yurinya..!* ",
	"image": "https://1.bp.blogspot.com/-k5SmJj0mmHE/X7UHXgLKwSI/AAAAAAAASGI/bA36SKJHEycxlqkvw9hN-I9AyjxVpv8MgCNcBGAsYHQ/s400/anime_yuri_67761444_485520762034172_1929722639967909810_n.jpg"
    
	},
	{
	"teks": " *Silahkan Diambil Asupan Yurinya..!* ",
	"image": "https://1.bp.blogspot.com/-WqtX7QUUP_s/X7UHYYAjYqI/AAAAAAAASGM/SjjBWWe47To-YQV2l1jOECLjqCAEbCQhACNcBGAsYHQ/s400/anime_yuri_69803801_382421199327222_1747879358761942517_n.jpg"
    
	},
	{
	"teks": " *Silahkan Diambil Asupan Yurinya..!* ",
	"image": "https://1.bp.blogspot.com/-Xcfr54NRRkk/X7UHYrkQXHI/AAAAAAAASGQ/29pBzP7V97MHZYHvSFI02JddmoRjSStbACNcBGAsYHQ/s400/anime_yuri_70989590_598206741006453_5625430911774442783_n.jpg"
    
	},
	{
	"teks": " *Silahkan Diambil Asupan Yurinya..!* ",
	"image": "https://1.bp.blogspot.com/-EEV_uysF4fs/X7UHYlNx-CI/AAAAAAAASGU/RmyueQhG4as-lZTapaPsajHaTwo_djqegCNcBGAsYHQ/s400/anime_yuri_71852564_552651945537750_5498909981476600785_n.jpg"
    
	},
	{
	"teks": " *Silahkan Diambil Asupan Yurinya..!* ",
	"image": "https://1.bp.blogspot.com/-rzlIEvHzwjA/X7UHZH18J9I/AAAAAAAASGY/WTobZd1FRIAezGhtfayyDLBed5xK_uzjACNcBGAsYHQ/s400/anime_yuri_74598757_1113953558798035_6711847441739073923_n.jpg"
    
	},
	{
	"teks": " *Silahkan Diambil Asupan Yurinya..!* ",
	"image": "https://1.bp.blogspot.com/-Ed0q0a-QAMI/X7UHZdqrgII/AAAAAAAASGc/WHFl1cVI8XADG9oEbjywmsVKoKaM43M9wCNcBGAsYHQ/s400/anime_yuri_75483250_2428843604104068_5410691924010413844_n.jpg"
    
	},
	{
	"teks": " *Silahkan Diambil Asupan Yurinya..!* ",
	"image": "https://1.bp.blogspot.com/-rObI_ZkZJ1s/X7UHZwoRAOI/AAAAAAAASGk/gseNbABIJGwa01ijshVh7YcMOqyIy8JlgCNcBGAsYHQ/s400/anime_yuri_75624237_399783100718543_2237236438883189493_n.jpg"
    
	},
	{
	"teks": " *Silahkan Diambil Asupan Yurinya..!* ",
	"image": "https://1.bp.blogspot.com/-K5551SFI0KM/X7UHaJEA3zI/AAAAAAAASGo/XN8pWA1D9yYIPEEI0TRHBpsbhViKdV8dACNcBGAsYHQ/s400/anime_yuri_76798903_479827359405517_9095986599177112429_n.jpg"
    
	},
	{
	"teks": " *Silahkan Diambil Asupan Yurinya..!* ",
	"image": "https://1.bp.blogspot.com/-AU0-q3N69U4/X7UHaYRBb9I/AAAAAAAASGs/6p_t-F-v23sbYLefTnqPbfilZD-s9eUNACNcBGAsYHQ/s400/anime_yuri_76880680_1035140160186919_3533284723735848525_n.jpg"
    
	},
	{
	"teks": " *Silahkan Diambil Asupan Yurinya..!* ",
	"image": "https://1.bp.blogspot.com/-Alj-M2l5vWs/X7UHaY87ItI/AAAAAAAASGw/VjP4zwKP4_4rnGs1apjmivE3KrMCkGUeACNcBGAsYHQ/s400/anime_yuri_84590779_486054168947927_8589933344952977443_n.jpg"
    
	},
	{
	"teks": " *Silahkan Diambil Asupan Yurinya..!* ",
	"image": "https://1.bp.blogspot.com/-AykjZeHByKo/X7UHbSri5sI/AAAAAAAASG4/Vx3fLJHZ7soHKcFOuGkTp7VnjxQPL1EzgCNcBGAsYHQ/s400/anime_yuri_93013218_157779008915706_8292517202767290863_n.jpg"
    
	},
	{
	"teks": " *Silahkan Diambil Asupan Yurinya..!* ",
	"image": "https://1.bp.blogspot.com/-m4kUJ0hqa08/X7UHbtA_UFI/AAAAAAAASHA/KZ-kjmMB158S38iZG2OgxFnrU3XaNkSaACNcBGAsYHQ/s400/anime_yuri_93467771_690150821732173_6891713792177205315_n.jpg"
    
	},
	{
	"teks": " *Silahkan Diambil Asupan Yurinya..!* ",
	"image": "https://1.bp.blogspot.com/-8kBwZXIuhpA/X7UHcIFBs0I/AAAAAAAASHE/df79yB68DgkhDILoVtHqZuVj-MGn-5M5ACNcBGAsYHQ/s400/anime_yuri_95772575_235344244398247_5674160778255916614_n.jpg"
    
	},
	{
	"teks": " *Silahkan Diambil Asupan Yurinya..!* ",
	"image": "https://1.bp.blogspot.com/-fZeA2TVYunY/X7UHcJLnOuI/AAAAAAAASHI/JpSRbhhZav4nvcsTuk7Nc7hkdtX5RlL3wCNcBGAsYHQ/s400/anime_yuri_96211402_850940422094973_8039573177997859677_n.jpg"
    
	},
	{
	"teks": " *Silahkan Diambil Asupan Yurinya..!* ",
	"image": "https://1.bp.blogspot.com/--CSMdQEDxqM/X7UGuuTSX5I/AAAAAAAAR88/PIldeQLJcfYwty_0CwE6VpPPm1sZlNUdACNcBGAsYHQ/s400/anime_yuri_101711567_2795728243977004_2095246111197931603_n.jpg"
    
	},
	{
	"teks": " *Silahkan Diambil Asupan Yurinya..!* ",
	"image": "https://1.bp.blogspot.com/-HAQvdmAksWY/X7UGutFtWGI/AAAAAAAAR9E/msnQmlxXfPU6dBb7pRNtIgcvK_SZNCsHQCNcBGAsYHQ/s400/anime_yuri_117111839_2790415791187231_6971974222648205697_n.jpg"
    
	},
	{
	"teks": " *Silahkan Diambil Asupan Yurinya..!* ",
	"image": "https://1.bp.blogspot.com/-z2nF9BUj1PI/X7UGucCo70I/AAAAAAAAR9A/k6BN3H9EhUoEQm1MAAxaqAr1QBuyLsgzgCNcBGAsYHQ/s400/anime_yuri_117292531_2620798168235938_3883320902685591115_n.jpg"
    
	},
	{
	"teks": " *Silahkan Diambil Asupan Yurinya..!* ",
	"image": "https://1.bp.blogspot.com/-JHSBc3ki4_Y/X7UGvcaXGhI/AAAAAAAAR9I/3tw_vrkn-TsQzsHZD7OJsYL-tHOtaSIPwCNcBGAsYHQ/s400/anime_yuri_117580872_634259000539188_912826397719432703_n.jpg"
    
	},
	{
	"teks": " *Silahkan Diambil Asupan Yurinya..!* ",
	"image": "https://1.bp.blogspot.com/-F9k9fmaBSaY/X7UGvj8ONAI/AAAAAAAAR9M/QzsYH_PqiRMdz2k5JD_4PROui_s-AHIdgCNcBGAsYHQ/s400/anime_yuri_123130636_416516972846539_5709808015835826044_n.jpg"
    
	},
	{
	"teks": " *Silahkan Diambil Asupan Yurinya..!* ",
	"image": "https://1.bp.blogspot.com/-jv-LVZRIZbI/X7UHdaTskhI/AAAAAAAASHU/ieGn_9HyryczL4wx6BaeH3cJGj7r3ci5ACNcBGAsYHQ/s400/yuri_manga_fans_32241159_309650986234379_4546546817839398912_n.jpg"
    
	},
	{
	"teks": " *Silahkan Diambil Asupan Yurinya..!* ",
	"image": "https://1.bp.blogspot.com/-keMgn1ynaEg/X7UHdmjOZ_I/AAAAAAAASHY/nGbhX5Cpe7IGBieIYJW3BVT63hkzEP1KwCNcBGAsYHQ/s400/yuri_manga_fans_32243802_261803831060435_3205071524474126336_n.jpg"
    
	},
	{
	"teks": " *Silahkan Diambil Asupan Yurinya..!* ",
	"image": "https://1.bp.blogspot.com/-TPZTklBbJoU/X7UHdrkq_kI/AAAAAAAASHc/95NHSHHWg-glv8wMk6CHCnT-BiPp5qTmQCNcBGAsYHQ/s400/yuri_manga_fans_32281615_444131449378669_5197651297133658112_n.jpg"
    
	},
	{
	"teks": " *Silahkan Diambil Asupan Yurinya..!* ",
	"image": "https://1.bp.blogspot.com/-9V6jEZHEiZU/X7UHeOrg8PI/AAAAAAAASHk/UlFe1bdcq6cGbIYQDCBxvKk9Y2Pd2mGawCNcBGAsYHQ/s400/yuri_manga_fans_33323494_436402643440333_7977899991383408640_n.jpg"
    
	},

{
	"teks": " *Silahkan Diambil Asupan Yurinya..!* ",
	"image": "https://1.bp.blogspot.com/-PLxrsUg57xE/X7UHedmLi-I/AAAAAAAASHo/7-x6HfipkSUyWhFAJ6lGNTjSii8VJhKggCNcBGAsYHQ/s400/yuri_manga_fans_37145166_338419033564723_5831969429327446016_n.jpg"
    
	},
	{
	"teks": " *Silahkan Diambil Asupan Yurinya..!* ",
	"image": "https://1.bp.blogspot.com/-kU9LxziFcWU/X7UHfFiCtMI/AAAAAAAASHs/wKBqwpmx9G87espFiyHMqDLSbV4tYQxVQCNcBGAsYHQ/s400/yuri_manga_fans_37527277_316637585739930_2549141782566797312_n.jpg"
    
	},
	{
	"teks": " *Silahkan Diambil Asupan Yurinya..!* ",
	"image": "https://1.bp.blogspot.com/-S0cV097s_gE/X7UHfnN9icI/AAAAAAAASHw/Ii1RiyWcZk0UI114kZ0dICLbWaAxoXeCACNcBGAsYHQ/s400/yuri_manga_fans_37556539_1886671244728005_3253786769914889690_n.jpg"
    
	},
	{
	"teks": " *Silahkan Diambil Asupan Yurinya..!* ",
	"image": "https://1.bp.blogspot.com/--jEaU8QhsU8/X7UHfuCL3XI/AAAAAAAASH0/QL4yOm5tX78G8yXYIvcMr2HY7I-OKI8bwCNcBGAsYHQ/s400/yuri_manga_fans_37578135_327891704417882_518080314115883008_n.jpg"
    
	},
	{
	"teks": " *Silahkan Diambil Asupan Yurinya..!* ",
	"image": "https://1.bp.blogspot.com/-4G7IkE4fwuc/X7UHftkuDXI/AAAAAAAASH4/-KyfWd59US4oeYeFp_r_V44Zss1zvG7MQCNcBGAsYHQ/s400/yuri_manga_fans_37748110_2187391571498553_7562088350438391808_n.jpg"
    
	},
	{
	"teks": " *Silahkan Diambil Asupan Yurinya..!* ",
	"image": "https://1.bp.blogspot.com/-0QNG99IDWb8/X7UHgo_im1I/AAAAAAAASH8/lXU5vPaSmewlj_EPlpIcUokOM5ETT9QiwCNcBGAsYHQ/s400/yuri_manga_fans_37771814_291246875003371_8342408419776397312_n.jpg"
    
	},
	{
	"teks": " *Silahkan Diambil Asupan Yurinya..!* ",
	"image": "https://1.bp.blogspot.com/-ePjl5D5Ii3w/X7UHhEa1daI/AAAAAAAASIA/JUzyBvHbhIcj0_trXtAaR4xxAr5o58ObQCNcBGAsYHQ/s400/yuri_manga_fans_38096923_279184349550180_6054171696984752128_n.jpg"
    
	},
	{
	"teks": " *Silahkan Diambil Asupan Yurinya..!* ",
	"image": "https://1.bp.blogspot.com/-FxwvWDkDRFQ/X7UHhsX2w6I/AAAAAAAASIE/ANPZ6je9Nh4b5qzKX-PJNb8fhZSERRFkgCNcBGAsYHQ/s400/yuri_manga_fans_38096964_276053323189644_4247254972460171264_n.jpg"
    
	}


]